:020000040800F2
:1000000020240020892D0008090400080B040008A2
:100010000F04000813040008170400080000000083
:100020000000000000000000000000001B040008A9
:100030001D040008000000001F040008210400083F
:10004000A32D0008A32D0008A32D0008A32D000850
:10005000A32D0008A32D0008A32D0008A32D000840
:10006000A32D0008A32D0008A32D0008A32D000830
:10007000A32D0008A32D0008A32D0008A32D000820
:10008000A32D0008A32D0008A32D0008A32D000810
:10009000A32D0008A32D0008A32D0008A32D000800
:1000A000A32D0008A32D0008A32D0008A32D0008F0
:1000B00007300008AF2F0008A32D0008A32D00086B
:1000C000A32D0008A32D0008A32D0008A32D0008D0
:1000D000A32D0008E7640008D9650008256600081C
:1000E000A32D0008A32D0008A32D0008A32D0008B0
:1000F000A32D0008A32D0008A32D0008A32D0008A0
:10010000A32D0008A32D0008A32D0008A32D00088F
:10011000A32D0008A32D0008A32D0008A32D00087F
:10012000A32D0008A32D0008A32D0008A32D00086F
:1001300000F002F800F090F80AA090E8000C824469
:100140008344AAF10107DA4501D100F085F8AFF246
:10015000090EBAE80F0013F0010F18BFFB1A43F0A5
:100160000103184790AC0000B0AC0000103A24BF67
:1001700078C878C1FAD8520724BF30C830C144BF0C
:1001800004680C607047000000230024002500264E
:10019000103A28BF78C1FBD8520728BF30C148BFEA
:1001A0000B6070476E2906F07585702907F0ED80A9
:1001B000662908F02C82652908F02982672908F051
:1001C00026826129AFF3008003681B0A28BF41F033
:1001D0008001692906F0CC82642906F0C98275295C
:1001E00006F0C6826F2907F07B80782907F0B98076
:1001F000E92907F01580E42907F01280F52907F0B6
:100200000F80EF2907F07880F82907F0B88003689D
:10021000DB0928BF41F08001632906F08487732938
:1002200006F08987E32907F0C581F32907F0CA8121
:10023000002070471FB507F029F9040000200021B5
:1002400007F00CFF401C60600020002107F0F0FE6A
:10025000E0601FBD10B510BD07F09AFA1146FFF718
:10026000E9FF00F015F807F0C6FA03B4FFF7F2FF54
:1002700003BC05F07BFF000010B5012144F2FD0036
:1002800001F086FA012144F2040001F08EFA10BD5B
:1002900008B5FFF7F1FF05F0F9FE05F061FF02F088
:1002A000CCFD4FF4E13005F0A0FF3CA006F09DF836
:1002B00002F08AFD02F0A3FD4FF4E13005F0F3FFF8
:1002C0003CA006F0A3F84FF4E13006F03CF83FA064
:1002D00006F0B1F8434806F0FFF905F0EEFB2020E8
:1002E0004149086105F0B8FD404805F03CFE05F0C5
:1002F000F1FD4FF4966005F006FF02F0F6FD02F006
:10030000B1FE04F01BF902F0FEFE03F0D8FD03F08D
:10031000D9F937A04FF6FF734FF478424621009089
:10032000002005F02EF906F097F804F051F834E0BB
:1003300003F0F1FA4FF47A7005F0E5FE03F05BFA92
:100340004FF47A7005F0DFFE03F048FE4FF47A7048
:1003500005F0D9FE2948006808B9012000E0002016
:1003600026490860214805F0FEFD25A04FF6FF73E1
:100370004FF4784232210090002005F002F91CA0D1
:100380004FF6FF734FF4784246210090002005F0AD
:10039000F8F803F065F802F07AFDC9E755415254C8
:1003A0003120496E69742053756363657373667594
:1003B0006C0D0A00554152543220496E6974205325
:1003C00075636365737366756C0D0A00554152540D
:1003D0003320496E69742053756363657373667562
:1003E0006C0D0A0040AD00080010014012860008A4
:1003F000636F6E6E656374206F6B000094812142A1
:1004000044617461206F6B00704700BFFEE700BF5E
:10041000FEE700BFFEE700BFFEE77047704770478A
:100420007047000010B501F045F8012001F0C7F851
:1004300000BF212001F081F80028FAD0102000F040
:10044000C1FB022000F0AAFB002001F0D8F8002038
:1004500001F0E7F84FF4806001F0DAF84FF4601132
:10046000002001F0AFF8012001F0B8F800BF3920FA
:1004700001F063F80028FAD0022001F0B2F800BFC2
:1004800001F0B8F80828FBD101211D2001F080F906
:1004900010BD0CB50020019000906C48006840F43D
:1004A00080306A49086000BF6848006800F4003086
:1004B00000900198401C0190009818B90198B0F57F
:1004C000A06FF1D16148006800F4003010B1012044
:1004D000009001E0002000900098012843D15C4882
:1004E000006840F010005A4908600846006820F093
:1004F000030008600846006840F0020008605348A6
:10050000406852494860084640684860084640686C
:1005100040F4806048600846406820F47C104860E1
:100520000846406840F4E81048600846006840F01B
:100530008070086000BF4548006800F00070002827
:10054000F9D04248406820F003004049486008461E
:10055000406840F00200486000BF3C48406800F03E
:100560000C000828F9D10CBD10B5FFF792FF10BDA3
:1005700010B53648006840F001003449086008466C
:1005800040683449084031494860084600683249AB
:1005900008402E4908600846006820F48020086062
:1005A0000846406820F4FE0048604FF41F00886051
:1005B000FFF7DAFF4FF000602849086010BD10B562
:1005C000002100200022214B5B6803F00C0121B1C7
:1005D000042906D0082928D107E0214B214C2360AB
:1005E00027E01F4B1F4C236023E0184B5B6803F48C
:1005F0007010164B5B6803F48032022303EB9040CB
:1006000022B9194B4343174C23600DE00F4B5B6835
:1006100003F4003323B1144B4343124C236003E033
:100620000F4B43430F4C236003E00D4B0D4C2360F5
:1006300000BF00BF054B5B68C3F303130B4CE15CC9
:10064000084B1B68CB40074C236010BD00100240D4
:10065000002002400000FFF8FFFFF6FE08ED00E07A
:1006600000127A000000002000093D000400002074
:1006700031490143314A1160704770B500210023B0
:100680000F22C47804B32D4C246804F4E064C4F54C
:10069000E064210AC1F10403CA40447804FA03F17A
:1006A0008478144021430901254C0678A15504782B
:1006B00004F01F050124AC4005786D11AD0005F173
:1006C000E025C5F8004109E0047804F01F05012485
:1006D000AC401C4D0678761145F8264070BD1A4A8C
:1006E0000A400243154B1B1F1A60704739B1134A69
:1006F000121D12680243114B1B1D1A6006E00F4ABF
:10070000121D126882430D4B1B1D1A60704704288E
:1007100008D14FF0E021096941F004014FF0E022D7
:10072000116107E04FF0E021096921F004014FF069
:10073000E0221161704700000000FA050CED00E0B6
:1007400000E400E080E100E080FFFF1F10B50446F8
:10075000FA48844208D10121401501F033F8002104
:10076000601501F02FF817E0F548844208D1012107
:10077000001501F027F80021201501F023F80BE007
:10078000F048844208D10121C80301F01BF8002180
:100790004FF4004001F016F810BD30B502460020BD
:1007A00000235068E84C20400D790C6844EA052489
:1007B000204350609068E54C2040D1E902542C431E
:1007C0004D7944EA450420439060D06A20F47000DB
:1007D0000C7C641EE4B2234340EA0350D06230BD77
:1007E00000210160017141718160C16001210174CA
:1007F000704721B1826842F00102826003E08268A2
:1008000022F001028260704721B1826842F4807256
:10081000826003E0826822F480728260704710B5C3
:100820000023CBB21AB144681C43446002E0446820
:100830009C43446010BD816841F0080181607047AD
:10084000014600208A6802F008020AB1012000E097
:1008500000207047816841F00401816070470146C3
:1008600000208A6802F004020AB1012000E00020A2
:10087000704721B1826842F4A002826003E082687E
:1008800022F4A00282607047014600208A6802F4C8
:1008900080020AB1012000E00020704710B50A462E
:1008A00000210023416821F46041531E41EA433195
:1008B000416010BD21B1426842F40062426003E031
:1008C000426822F4006242607047F0B504460D466B
:1008D00000200021092D11DDE068A5F10A0606EBD4
:1008E0004607072606FA07F18843A5F10A0606EB34
:1008F000460603FA06F10843E0600CE0206905EBC8
:100900004507072606FA07F1884305EB450603FA73
:1009100006F108432061072A0FDA606B561E06EBCA
:1009200086071F2606FA07F18843561E06EB860641
:1009300005FA06F10843606322E00D2A0FDA206B06
:10094000D61F06EB86071F2606FA07F18843D61F37
:1009500006EB860605FA06F10843206310E0E06A1C
:10096000A2F10D0606EB86071F2606FA07F188435B
:10097000A2F10D0606EB860605FA06F10843E062D1
:10098000F0BD21B1826842F48012826003E0826887
:1009900022F48012826070470146C86C80B27047B2
:1009A00066484C300068704721B1426842F480626A
:1009B000426003E0426822F480624260704721B1E5
:1009C000426842F48052426003E0426822F480525E
:1009D000426070470A460021816821F4E0411143DA
:1009E0008160704721B1826842F40042826003E076
:1009F000826822F400428260704721B1826842F42A
:100A00000212826003E0826822F402128260704760
:100A1000014600208A6802F400120AB1012000E0B9
:100A200000207047F0B5044615460020002200263D
:100A3000092911DDE068A1F10A0707EB470C072738
:100A400007FA0CF29043A1F10A0707EB470703FAF4
:100A500007F21043E0600CE0206901EB410C07272E
:100A600007FA0CF2904301EB410703FA07F2104337
:100A70002061A06BC0F30156EF1C06F1010CA7EB3F
:100A80000C0707EB870C1F2707FA0CF29043EF1CAB
:100A900006F1010CA7EB0C0707EB870701FA07F239
:100AA0001043A063F0BD10B50A4600210023816BFE
:100AB00021F44011531E41EA0351816310BD08B572
:100AC000002300930090009B0B440093009B1A604E
:100AD00008BD08B5024600200090009201F12800F0
:100AE000009B184400900098006880B208BD0A4638
:100AF00000214168164B1940114341607047416223
:100B0000826270470A460021416821F01F011143AB
:100B10004160704740B109490831096841F400015A
:100B2000064A0832116007E004490831096821F4D7
:100B30000001024A083211607047000000240140A1
:100B400000280140003C0140FFFEF0FFFDF7F1FFEF
:100B5000FFFD3FFF0246002013680B400BB1012050
:100B600000E000207047CA430260704770B502463B
:100B70000020002300240B125568CEB205EA0604BB
:100B800015681D4015B10CB1012000E0002070BDBA
:100B900000220A12D3430360704700000146002080
:100BA000FE4A106800F03800084310607047FB49A7
:100BB000096821F00801F94A1160114609680143EA
:100BC00011607047F549096821F01001F34A11607E
:100BD00011460968014311607047F148EF494860C8
:100BE000F04848607047EE48EC494860ED4848607E
:100BF0007047EA48006940F08000E84908617047A2
:100C0000E648006940F08000E4490861704704202C
:100C1000E249C96801F0010109B101200EE0DF4994
:100C2000C96801F0040109B1022007E0DB49C96885
:100C300001F0100109B1032000E00420704700B565
:100C400002460423FFF7E3FF034603E0FFF7DFFF5D
:100C50000346521E012B01D1002AF7D102B9052308
:100C6000184600BD30B5044604254FF43020FFF788
:100C7000E6FF0546042D17D1C848006940F0020080
:100C8000C649086108464461006940F040000861B7
:100C90004FF43020FFF7D3FF0546C048006941F606
:100CA000FD710840BD490861284630BD10B50424D7
:100CB0004FF43020FFF7C3FF0446042C16D1B74889
:100CC000006940F00400B54908610846006940F039
:100CD000400008614FF43020FFF7B1FF0446AF48F1
:100CE000006941F6FB710840AC490861204610BD1F
:100CF00000B502460423FFF78AFF034603E0FFF72F
:100D000086FF0346521E012B01D1002AF7D102B9FA
:100D10000523184600BD10B504244FF43020FFF71A
:100D2000E7FF0446042C16D19C48006940F00400FB
:100D30009A4908610846006940F0400008614FF494
:100D40003020FFF7D5FF04469448006941F6FB7157
:100D5000084092490861204610BD00208F49C969AA
:100D600001F0020109B1012000E00020704730B518
:100D7000A5250424FFF7F1FF00B100254FF4302032
:100D8000FFF75DFF0446042C3AD18548834988600B
:100D9000844888600846006940F0200008610846E1
:100DA000006940F0400008614FF43020FFF747FF32
:100DB0000446042C1BD17948006941F6DF710840D4
:100DC000764908610846006940F0100008617648DD
:100DD0000580E002FFF733FF0446052C10D06F4872
:100DE000006941F6EF7108406C49086108E0052C84
:100DF00006D06A48006941F6EF710840674908610A
:100E0000204630BD78B506460C46042500200090EB
:100E1000E802FFF714FF0546042D24D15F4800695E
:100E200040F001005D4908613480E802FFF707FFE8
:100E30000546042D10D1B01C0090200C00990880AC
:100E4000E802FFF7FCFE05465448006941F6FE71D2
:100E500008405249086106E05048006941F6FE71B9
:100E600008404E490861284678BD70B504460D46D5
:100E70000426F002FFF7E3FE0646042E11D1474890
:100E8000006940F00100454908612580F002FFF744
:100E9000D6FE06464148006941F6FE7108403F49CA
:100EA0000861304670BD70B505460E460424E00268
:100EB000FFF7C5FE0446042C17D13948374988602E
:100EC000384888600846006940F0100008612E80AC
:100ED000E002FFF7B4FE0446052C06D02F48006957
:100EE00041F6EF7108402D490861204670BD2DE99B
:100EF000F04304464FF6FF763746B046B146042528
:100F0000E443E6B2C4F30727C4F307484FEA146981
:100F1000E802FFF794FE0546042D49D120481F49F9
:100F20008860204888600846006940F01000086129
:100F3000FF2E06D01C4808300680E802FFF77FFE2F
:100F40000546042D08D1FF2F06D017480A30078028
:100F5000E802FFF774FE0546042D0AD1B8F1FF0F31
:100F600007D011480C30A0F80080E802FFF767FEB8
:100F70000546042D0AD1B9F1FF0F07D00A480E30FB
:100F8000A0F80090E802FFF75AFE0546052D0FD0A5
:100F90000248006941F6EF71084007E00020024076
:100FA00023016745AB89EFCD00F8FF1F6649086153
:100FB0002846BDE8F08330B5054604244FF43020C0
:100FC000FFF73DFE0446042C41D160485E4988602D
:100FD0005F4888600846006940F0200008610846C4
:100FE000006940F0400008614FF43020FFF727FE11
:100FF0000446042C22D15448006941F6DF710840B0
:10100000514908610846006940F0100008611DB1AF
:1010100000205049088002E0A5204E4908804FF486
:101020003020FFF70CFE0446052C10D0464800691E
:1010300041F6EF7108404449086108E0052C06D0EC
:101040004148006941F6DF7108403F490861204688
:1010500030BDF0B505460E46174604243B483A49D4
:1010600088603B488860E002FFF7E9FD0446042CF5
:1010700019D13548006940F010003349086147F044
:10108000F800304328433349891C0880E002FFF709
:10109000D6FD0446052C06D02B48006941F6EF71B9
:1010A0000840294908612046F0BD2748C0698008EA
:1010B00070472548006A704700202349096801F0FD
:1010C000200109B1012000E00020704729B11E4A2B
:1010D000126902431C4B1A6104E01B4A12698243E5
:1010E000194B1A61704701460020012908D1164AA0
:1010F000D26902F001020AB1012008E0002006E0F6
:10110000114AD2680A400AB1012000E0002070476D
:101110000D49C860704704200B49C96801F00101FE
:1011200009B101200EE00849C96801F0040109B1C4
:10113000022007E00449C96801F0100109B1032049
:1011400000E00420704700000020024023016745B2
:10115000AB89EFCD00F8FF1F10B50446CC488442A0
:1011600008D10121042000F02DFB0021042000F013
:1011700029FB46E0C748844208D10121082000F03D
:1011800021FB0021082000F01DFB3AE0C248844208
:1011900008D10121102000F015FB0021102000F0E3
:1011A00011FB2EE0BD48844208D10121202000F02F
:1011B00009FB0021202000F005FB22E0B848844212
:1011C00008D10121402000F0FDFA0021402000F06C
:1011D000F9FA16E0B348844208D10121802000F0DA
:1011E000F1FA0021802000F0EDFA0AE0AE488442D6
:1011F00007D10121801500F0E5FA0021A01500F0CB
:10120000E1FA10BD10B50121084600F0DBFA00211B
:10121000012000F0D7FA10BD2DE9F041024600256B
:101220000026002000230024002791F803C00CF0C2
:101230000F0591F803C00CF0100CBCF1000F03D0A7
:1012400091F802C04CEA050591F800C0BCF1000F0E
:1012500031D0146800202BE04FF0010C0CFA00F3A1
:10126000B1F800C00CEA03069E4220D183004FF083
:101270000F0C0CFA03F7BC4305FA03FC4CEA040418
:1012800091F803C0BCF1280F06D14FF0010C0CFA05
:1012900000FCC2F814C00AE091F803C0BCF1480F8A
:1012A00005D14FF0010C0CFA00FCC2F810C0401C34
:1012B0000828D1D31460B1F800C0BCF1FF0F34DDB1
:1012C000546800202EE000F1080C4FF0010808FAE5
:1012D0000CF3B1F800C00CEA03069E4221D1830052
:1012E0004FF00F0C0CFA03F7BC4305FA03FC4CEA71
:1012F000040491F803C0BCF1280F05D100F1080CDB
:1013000008FA0CF8C2F8148091F803C0BCF1480F39
:1013100007D100F1080C4FF0010808FA0CF8C2F8E8
:101320001080401C0828CED35460BDE8F0814FF6F1
:10133000FF710180022181700421C1707047024653
:10134000002093680B400BB1012000E000207047A3
:101350000146886880B2704702460020D3680B407F
:101360000BB1012000E0002070470146C86880B240
:10137000704701617047416170470AB1016100E047
:1013800041617047C16070474FF480320A43826107
:101390008161826182698269704702460020434B05
:1013A00018684FF68073184040EA021008433F4B1C
:1013B000186070473E49C8617047F0B50A4600237F
:1013C00000240021002500F00046B6F1004F02D1B4
:1013D000364EF16901E0354E7168C0F3034583B2C2
:1013E00000F44016B6F5401F08D121F070612F4E71
:1013F000766826F070662D4F7E6012E000F480164D
:10140000B6F5801F06D1032606FA05F4A14341F084
:10141000706106E0460D360103FA06F6B14341F06D
:10142000706122B1460D360103FA06F6314300F031
:101430000046B6F1004F02D11C4EF16101E01B4E97
:101440007160F0BD30B500228B071C0F0F2303FA2B
:1014500004F2164B08338C1053F824309343134C8A
:1014600008348D1044F8253023468C1053F824306E
:101470008C07240F00FA04F423430C4C08348D101D
:1014800044F8253030BD0A49DC310860704700005F
:1014900000080140000C0140001001400014014010
:1014A00000180140001C01400020014000000140E4
:1014B00000002042DF48006840F00100DD4908607C
:1014C00008464068DC490840DA4948600846006838
:1014D000DA490840D74908600846006820F48020AF
:1014E00008600846406820F4FE0048604FF41F0082
:1014F00088607047CF49096821F48031CD4A116076
:101500001146096821F480211160B0F5803F03D0B5
:10151000B0F5802F0ED106E0C649096841F480314C
:10152000C44A116007E0C349096841F4A021C14AD7
:10153000116000E000BF00BF704710B501460022F7
:10154000002300204A11012A02D1BA4C236806E088
:10155000022A02D1B74C236A01E0B64C636A01F05B
:101560001F02012494401C400CB1012000E0002027
:1015700010BD38B5002000900024002500BF3120A8
:10158000FFF7DBFF05460098401C00900098B0F57F
:10159000A06F01D0002DF2D03120FFF7CEFF08B1AF
:1015A000012400E00024204638BD01460020A14A65
:1015B000106820F0F80040EAC10010607047A049B0
:1015C00008607047024600209A4B586820F47C104F
:1015D00042EA01031843974B5860704798490866E0
:1015E000704701460020934A506820F003000843EA
:1015F000506070478F48406800F00C00704701460B
:1016000000208C4A506820F0F0000843506070477A
:1016100001460020874A506820F4E060084350608B
:10162000704701460020834A506820F4605040EA29
:10163000C1005060704729B17E4A527A02437D4B07
:101640005A7204E07B4A527A82437A4B5A7270474C
:101650007B49D8310860704701460020754A5068C0
:1016600020F440400843506070470021714A203206
:101670001170704A82F82010012802D004280AD183
:1016800004E001216B4A2032117005E00521694A0E
:101690002032117000E000BF00BF70476949086048
:1016A00070476449096A0143624A1162704765499B
:1016B00044390860704730B500210022002400231F
:1016C0005C4D6D6805F00C0121B1042905D0082995
:1016D00023D105E05C4D056022E05B4D05601FE015
:1016E000544D6D6805F47012524D6D6805F48034E8
:1016F000022505EB92421CB9544D554305600BE0A1
:101700004C4D6D6805F400351DB1504D55430560D5
:1017100002E04D4D5543056002E04B4D056000BFB2
:1017200000BF444D6D6805F0F0010909484D6B5C40
:101730000568DD4045603F4D6D6805F4E061090ACC
:10174000434D6B5C4568DD4085603A4D6D6805F43E
:101750006051C90A3E4D6B5C4568DD40C560354D42
:101760006D6805F44041890B3A4D6B5CC568B5FB6B
:10177000F3F5056130BD29B12E4A526902432D4B64
:101780005A6104E02B4A526982432A4B5A617047DE
:1017900029B1284A92690243264B9A6104E0254AFE
:1017A00092698243234B9A61704729B1214AD269D9
:1017B0000243204BDA6104E01E4AD26982431D4B8A
:1017C000DA61704729B11B4AD2680243194BDA60CB
:1017D00004E0184AD2688243164BDA60704729B198
:1017E000144A12690243134B1A6104E0114A126948
:1017F0008243104B1A6170471249403908607047A4
:101800000F49C86470470B49C87170470948406A5E
:1018100040F0807007494862704701460020054A41
:1018200092680A400AB1012000E000207047014997
:1018300088727047001002400000FFF8FFFFF6FEBC
:10184000000042428004424200127A0000093D003A
:10185000140000202400002010B50446BE48844235
:1018600008D101218014FFF7ADFF0021A014FFF77C
:10187000A9FF16E0B948844208D101210014FFF7FE
:10188000AEFF00212014FFF7AAFF0AE0B44884420B
:1018900007D10121C013FFF7A2FF0021E013FFF7DA
:1018A0009EFF10BD10B50022028802F441520B8841
:1018B0004C8823438C882343CC8823430C892343BF
:1018C0004C8923438C892343CC8923431A430280C8
:1018D000838B4FF2FF74234083830B8A038210BDF6
:1018E0002DE9F04F85B005460C464FF00009022760
:1018F0004FF000084FF0010B0026B246A88B4FF2C4
:1019000040010840A88302202884B5F81C90A068F4
:10191000022801D100BF38E0A08810B94FF0010BB8
:1019200001E04FF0020B8D48854200D100E000BF7E
:101930006846FFF7C0FEDDF800A0E088B0F5007F44
:101940000AD14FEA1A2000EB80004000A168B0FBEA
:10195000F1F0401D86B20BE04FEA4B10BAFBF0F0FD
:1019600000EB80004000A168B0FBF1F0401D86B2A2
:101970000A20B6FBF0F606F00108A6EB0800C0F35B
:101980004F074FF6FF7000EA0828022F01DBFF2FF8
:1019900002DD02274FF00008E08840EA08003843E3
:1019A0002884A088A18908436188084321880843C6
:1019B00040F4006040EA0909A5F81C9005B0BDE8B4
:1019C000F08F0021018041808180C18001814181AF
:1019D0008181C181072101827047002101804180FE
:1019E0008180C1800221816000218181704721B105
:1019F000028842F04002028004E002884FF6BF7382
:101A00001A400280704721B1828B42F48062828347
:101A100004E0828B4FF6FF331A408283704730B563
:101A2000002400230C110125A540ABB21AB1858812
:101A30001D43858002E085889D43858030BD1AB1B5
:101A400083880B43838002E083888B4383807047C5
:101A5000818170470146888970474FF6FF62914245
:101A600004D0028842F48072028004E002884FF6BB
:101A7000FF631A400280704721B1828842F004025D
:101A8000828004E082884FF6FB731A4082807047A0
:101A900002884FF2FF731A40028002880A430280D4
:101AA0007047018841F480510180704721B102885C
:101AB00042F40052028004E002884DF6FF731A409F
:101AC0000280704702460020012901D0108B00E0FF
:101AD000908A70470146088A7047B1F5804F04D15B
:101AE000028842F48042028004E002884BF6FF73D1
:101AF0001A40028070470246002013890B400BB148
:101B0000012000E000207047CA4302817047F0B511
:101B10000246002000240023002501F00F070126C3
:101B2000BE40B4B20B1101269E40B3B2968806EABD
:101B300003051689264016B10DB1012000E00020F2
:101B4000F0BD10B5002201F00F040123A3409AB2AA
:101B5000D343038110BD0000003001400038004035
:101B6000003C004010B50446FE48844208D10121E3
:101B7000C014FFF727FE0021E014FFF723FEC4E0A6
:101B8000B4F1804F08D101210846FFF728FE00215B
:101B90000120FFF724FEB8E0F348844208D1012178
:101BA0000220FFF71CFE00210220FFF718FEACE028
:101BB000EE48844208D101210420FFF710FE0021E5
:101BC0000420FFF70CFEA0E0E948844208D101217F
:101BD0000820FFF704FE00210820FFF700FE94E034
:101BE000E448844208D101211020FFF7F8FD0021CC
:101BF0001020FFF7F4FD88E0DF48844208D101217E
:101C00002020FFF7ECFD00212020FFF7E8FD7CE01D
:101C1000DA48844208D101214014FFF7D3FD0021A6
:101C20006014FFF7CFFD70E0D548844209D101214F
:101C3000C804FFF7C7FD00214FF40020FFF7C2FDE5
:101C400063E0D048844209D101210805FFF7BAFDBD
:101C500000214FF48010FFF7B5FD56E0CA488442DA
:101C600009D101214805FFF7ADFD00214FF4001017
:101C7000FFF7A8FD49E0C548844208D10121402072
:101C8000FFF7ADFD00214020FFF7A9FD3DE0C04872
:101C9000844208D101218020FFF7A1FD002180208E
:101CA000FFF79DFD31E0BB48844208D1012180153A
:101CB000FFF795FD0021A015FFF791FD25E0B6483F
:101CC000844209D101210804FFF77CFD00214FF473
:101CD0008030FFF777FD18E0B048844209D1012138
:101CE0004804FFF76FFD00214FF40030FFF76AFD55
:101CF0000BE0AB48844208D101218804FFF762FD64
:101D000000214FF48020FFF75DFD10BD0022028806
:101D1000944B98420ED0994B98420BD0B0F1804F23
:101D200008D0914B984205D0904B984202D0904BEE
:101D3000984204D14FF68F731A404B881A438D4B4B
:101D4000984207D08C4B984204D04FF6FF431A407C
:101D5000CB881A4302808B8883850B880385814B4F
:101D600098420BD0854B984208D08B4B984205D0B7
:101D70008A4B984202D08A4B984201D10B7A038653
:101D800001238382704770B5002400220023058C54
:101D90004FF6FE7635400584028C8388048B4FF61F
:101DA0008F752C40B51E2C400D882C43751E2A4083
:101DB0000D892A434D882A436A4DA8420BD06F4DA6
:101DC000A84208D0744DA84205D0744DA84202D054
:101DD000734DA84213D14FF6F7752A404D892A4317
:101DE0004FF6FB752A408D882A434FF6FF652B403E
:101DF0004FF6FF552B408D892B43CD892B43838094
:101E00000483CD888586028470BD70B500240022CD
:101E10000023058C4FF6EF7635400584028C8388CD
:101E2000048B48F6FF752C404FF6FF452C400D887B
:101E30004FF6FF7606EA05252C434FF6DF752A405C
:101E40000D8906EA05152A434D8806EA05152A4339
:101E5000444DA84202D0494DA8421DD14FF67F758E
:101E60002A404D894FF6FF7606EA05152A434FF6BC
:101E7000BF752A408D8806EA05152A434FF6FF35BF
:101E80002B404FF2FF752B408D8906EA85052B43C9
:101E9000CD8906EA85052B4383800483CD88058799
:101EA000028470BD70B5002400220023058C4FF61B
:101EB000FF6635400584028C8388848B4FF68F75CE
:101EC0002C404FF6FC752C400D882C434FF6FF55E7
:101ED0002A400D894FF6FF7606EA05252A434D88EC
:101EE00006EA05252A431F4DA84202D0234DA842E9
:101EF0001DD14FF2FF752A404D894FF6FF7606EA55
:101F000005252A434FF6FF352A408D8806EA052528
:101F10002A434EF6FF752B404DF6FF752B408D89F9
:101F200006EA05152B43CD8906EA05152B43838068
:101F30008483CD888587028470BD70B5002200231C
:101F40000024058C4EF6FF7635400584038C84888A
:101F5000828B48F6FF752A404FF6FF452A400D88D0
:101F600020E00000002C0140000400400008004078
:101F7000000C0040001000400014004000340140FC
:101F8000004C014000500140005401400018004046
:101F9000001C00400020004000400140004401407F
:101FA000004801404FF6FF7606EA05252A434DF624
:101FB000FF752B400D8906EA05352B434D8806EA4F
:101FC00005352B43FA4DA84202D0FA4DA84208D15C
:101FD0004BF6FF752C408D894FF6FF7606EA851586
:101FE0002C4384808283CD88A0F84050038470BD48
:101FF000828B4FF2FF331A408283828B4FF6FF733E
:1020000003EA01231A4382837047F0B50C46154654
:10201000002200210026078C4EF6FF7C07EA0C0701
:102020000784828B018C4FF6FF7707EA043640F66F
:10203000FF473A404FF6FF7707EA05273A434FF646
:10204000FF7707EA03373A43D94FB8420ED0D94F4A
:10205000B8420BD0B0F1804F08D0D74FB84205D06E
:10206000D64FB84202D0D64FB84206D14DF6FF77D0
:10207000394046F48057394305E047F6FF57394069
:1020800044F48057394382830184F0BD828B4FF63C
:10209000F3731A408283828B0A4382837047F0B5C0
:1020A0000C461546002200210026078C4FF6FF6CD7
:1020B00007EA0C070784828B018C4FF6FF7707EA4B
:1020C00004264FF60C773A404FF6FF7707EA0317DE
:1020D0002F433A43B64FB8420ED0B64FB8420BD05A
:1020E000B0F1804F08D0B44FB84205D0B34FB842DA
:1020F00002D0B34FB84206D14FF6FF57394046F4ED
:102100008077394305E04FF2FF57394044F4807738
:10211000394382830184F0BD028B4FF2FF331A40B2
:102120000283028B4FF6FF7303EA01231A430283F3
:102130007047F0B50C461546002200210026078C9A
:102140004FF6EF7C07EA0C070784028B018C4FF6F1
:10215000FF7707EA041640F6FF473A404FF6FF774D
:1021600007EA03373A434FF6FF7707EA05273A4372
:102170008F4FB8420ED08F4FB8420BD0B0F1804F86
:1021800008D08D4FB84205D08C4FB84202D08C4F4A
:10219000B84206D14FF6DF77394046F01007394391
:1021A00005E04FF65F77394044F01007394302836A
:1021B0000184F0BD028B4FF6F3731A400283028B49
:1021C0000A4302837047F0B50C46154600220021F1
:1021D000068C4FF6FE773E400684028B018C4FF64C
:1021E0000C7632407E1C06EA03162E433243704EB4
:1021F000B0420ED06F4EB0420BD0B0F1804F08D03D
:102200006D4EB04205D06D4EB04202D06C4EB04221
:1022100006D14FF6FD76314044F00106314305E02A
:102220004FF6F576314044F00106314302830184D4
:10223000F0BD70B505460C465D4885420ED05D4840
:1022400085420BD0B5F1804F08D05B48854205D060
:102250005A48854202D05A48854200D100E000BF6A
:10226000208850B92389A28861882846FFF7ABFFF0
:10227000E1882846FFF79EFF25E0208804280AD140
:102280002389A28861882846FFF753FFE188284602
:10229000FFF742FF17E0208808280AD12389A28887
:1022A00061882846FFF7FBFEE1882846FFF7EEFE2F
:1022B00009E02389A28861882846FFF7A6FEE18805
:1022C0002846FFF795FE70BD2DE9F04105460C4606
:1022D00000260127608808B9022600E00026A088B1
:1022E000012801D1022700E001272088A0B9238915
:1022F000A28861882846FFF766FFE1882846FFF735
:1023000059FF23893A4631462846FFF712FFE188F4
:102310002846FFF701FF13E02389A2886188284639
:10232000FFF707FFE1882846FFF7F6FE23893A46C4
:1023300031462846FFF747FFE1882846FFF73AFF76
:10234000BDE8F0810A884B881A438B881A43CB88F2
:102350001A430B891A434B891A438B891A43A0F8F5
:10236000442070474FF6FF71818000210180C180B9
:102370004180017270470021018041808180C180CD
:10238000018141818181C1817047002101804180AB
:10239000012181800021C1800181704700210180DD
:1023A00041808180C180018141818181704700002D
:1023B000002C0140003401400004004000080040AF
:1023C000000C004021B1028842F00102028004E0CA
:1023D00002884FF6FE731A400280704731B1B0F8A0
:1023E000442042F40042A0F8442005E0B0F8442024
:1023F000C2F30E02A0F8442070471AB183890B4340
:10240000838102E083898B43838170478182704797
:1024100041EA0203A0F8483070471AB183890B43A0
:10242000838102E083898B438381704701894FF662
:10243000F8721140018170470A46002101894FF668
:102440008F73194011430181704730B504460D4622
:1024500029462046FFF7F0FF208940F00700208141
:1024600030BD2DE9F04104460D4616461F46602D4D
:1024700006D13B46012231462046FFF75AFE05E0D1
:102480003B46012231462046FFF79DFE2946204665
:10249000FFF7D2FF208940F007002081BDE8F081DE
:1024A00030B50C4600210189C9B24FF6FF7505EA27
:1024B0000325154325432943018130BD2DE9F04112
:1024C00005460E4617469846002443463A4631468E
:1024D0002846FFF7E5FF2C894FF6F870044044F0DA
:1024E00007044FF68F70044044F070042C81BDE85F
:1024F000F081F0B504460D4616461F463B4632466F
:1025000029462046FFF7CCFF208940F480402081F7
:10251000F0BD0185828270470A46002101884FF68E
:102520008F731940114301807047F0B50C46154672
:102530001E460021002200230189028B038C4FF6E6
:10254000F877394021434FF6FC473A4040F20117F3
:102550003A434FF6DD773B404FF6FF7707EA061721
:102560002F433B43018102830384F0BD0A460021CF
:10257000018B4FF68F7319401143018370470A4650
:102580000021018B48F6FF7319404FF6FF7303EAF1
:1025900002231943018370470A460021818B4FF6BD
:1025A0008F7319401143818370470A460021818B44
:1025B00048F6FF7319404FF6FF7303EA02231943ED
:1025C0008183704721B1028842F08002028004E0DA
:1025D00002884FF67F731A400280704721B18288CB
:1025E00042F00402828004E082884FF6FB731A40B6
:1025F0008280704721B1828842F00802828004E024
:1026000082884FF6F7731A408280704721B1828822
:1026100042F00102828004E082884FF6FE731A4085
:10262000828070470A460021018B4FF6F7731940EC
:102630001143018370470A460021018B4FF2FF735B
:1026400019404FF6FF7303EA0223194301837047D1
:102650000A460021818B4FF6F7731940114381839D
:1026600070470A460021818B4FF2FF7319404FF6E5
:10267000FF7303EA02231943818370470A4600214E
:10268000018B4FF6FB7319401143018370470A46D3
:102690000021018B4FF6FF3319404FF6FF7303EA19
:1026A00002231943018370470A460021818B4FF6AC
:1026B000FB7319401143818370470A460021818BC7
:1026C0004FF6FF3319404FF6FF7303EA0223194315
:1026D000818370470A460021018B4FF67F731940B2
:1026E0001143018370470A460021018BC1F30E019B
:1026F0004FF6FF7303EA02231943018370470A462A
:102700000021818B4FF67F731940114381837047FD
:102710000A460021818BC1F30E014FF6FF7303EAD5
:1027200002231943818370470A460021018C4FF62A
:10273000FD7319401143018470470A460021018C42
:102740004FF6F77319401143018470470A46002180
:10275000018C4FF6DF7319404FF6FF7303EA021343
:102760001943018470470A460021018C4FF67F739C
:1027700019404FF6FF7303EA0213194301847047AF
:102780000A460021018C4FF6FF5319404FF6FF73A4
:1027900003EA02231943018470470A460021018C91
:1027A0004FF2FF7319404FF6FF7303EA02231943F8
:1027B000018470470A460021018C4DF6FF731940D1
:1027C0004FF6FF7303EA023319430184704730B5B3
:1027D000002301248C40A3B2048C9C430484048C09
:1027E00002FA01F5ADB22C43048430BD30B50023AC
:1027F00004248C40A3B2048C9C430484048C02FA0D
:1028000001F5ADB22C43048430BD70B50346002001
:1028100000241846183001258D40ACB21D8CA5430C
:102820001D8409B1082909D100EB6100056825F074
:10283000700505600568154305600EE00D1FC5F3C2
:102840004E052844056825F4E045056005684FF607
:10285000FF7606EA02263543056070BD21B1028885
:1028600042F00202028004E002884FF6FD731A4033
:102870000280704721B1028842F00402028004E025
:1028800002884FF6FB731A400280704721B182889C
:1028900042F08002828004E082884FF67F731A4003
:1028A0008280704702884FF6F7731A4002800288D0
:1028B0000A430280704782884FF68F731A408280E5
:1028C00082880A438280704702894FF6F8731A4063
:1028D000028102890A430281704702894FF67F73A1
:1028E0001A40028102890A4302817047818470473D
:1028F000818570478186704701877047818770475F
:10290000A0F84010704702884FF6FF431A4002803B
:1029100002880A43028070470146888E704701464C
:10292000088F70470146888F70470146B1F8400014
:1029300070470146888C70470146088D70470246F3
:102940000020138A0B400BB1012000E000207047EB
:10295000CA430282704730B502460020002300249B
:10296000158A05EA0103958905EA010413B10CB142
:10297000012000E0002030BDCA4302827047000001
:1029800010B50446FB48844209D101218803FEF7B3
:1029900019FF00214FF48040FEF714FF32E0F648A3
:1029A000844209D101214804FEF719FF00214FF4A8
:1029B0000030FEF714FF25E0F048844209D10121E0
:1029C0008804FEF70CFF00214FF48020FEF707FF7C
:1029D00018E0EB48844209D10121C804FEF7FFFE4C
:1029E00000214FF40020FEF7FAFE0BE0E548844298
:1029F00008D101210805FEF7F2FE00214FF48010F6
:102A0000FEF7EDFE10BD2DE9F04786B005460E46F7
:102A10000024A24600BFA1460027B08900B100BF34
:102A20002F462C8A4CF6FF700440F08804432C8219
:102A3000AC894EF6F3100440B0883189084371899F
:102A400008430443AC81AC8A4FF6FF400440B08990
:102A50000443AC8201A8FEF72EFEC648874202D18D
:102A6000DDF810A001E0DDF80CA0A88900F400401A
:102A700040B10AEBCA0000EB0A1031684900B0FB14
:102A8000F1F807E00AEBCA0000EB0A103168890090
:102A9000B0FBF1F86420B8FBF0F0040120096421D8
:102AA00001FB1089A88900F4004040B1322000EBFE
:102AB000C900B0FBF1F000F00700044308E0322049
:102AC00000EB09106421B0FBF1F000F00F000443AB
:102AD0002C8106B0BDE8F0874FF41651016000214B
:102AE0008180C18001810C21418100218181704759
:102AF00010B502460020108A4FF2FF0318400B88E1
:102B00004C8823438C882343CC882343184310826A
:102B100010BD0021018041808180C180704721B1BA
:102B2000828942F40052828104E082894DF6FF736B
:102B30001A4082817047F0B5034600240026002524
:102B4000002040F66A17B94200D100BF1846C1F311
:102B5000421401F01F06012707FA06F5012C01D1E6
:102B60000C3004E0022C01D1103000E014301AB116
:102B700007682F43076002E00768AF430760F0BDB6
:102B80001AB1838A0B43838202E0838A8B43838258
:102B90007047028A4FF6F0731A400282028A0A4393
:102BA0000282704782894FF2FF731A4082818289C4
:102BB0000A438281704721B1828942F002028281F8
:102BC00004E082894FF6FD731A4082817047028AC1
:102BD0004FF6DF731A400282028A0A43028270476C
:102BE00021B1028A42F48042028204E0028A4BF65A
:102BF000FF731A4002827047C1F308028280704757
:102C000001468888C0F308007047818941F00101BE
:102C100081817047028BD2B20283028B42EA012289
:102C200002837047028B02F47F420283028B0A43C5
:102C30000283704721B1828A42F02002828204E03E
:102C4000828A4FF6DF731A408282704721B1828AEE
:102C500042F01002828204E0828A4FF6EF731A403B
:102C60008282704721B1828A42F00802828204E0A7
:102C7000828A4FF6F7731A408282704721B18289A7
:102C800042F40042828103E08289C2F30E02828113
:102C9000704721B1828A42F40062828204E0828A13
:102CA0004FF2FF731A4082827047828A4FF6FB739D
:102CB0001A408282828A0A438282704721B1828AC4
:102CC00042F00202828204E0828A4FF6FD731A40CB
:102CD0008282704702460020B1F5007F00D100BF1C
:102CE00013880B400BB1012000E00020704701F475
:102CF0000072B2F5007F00D100BFCA430280704766
:102D000070B50246002400230025002040F66A1614
:102D1000B14200D100BFC1F3421501F01F030126EB
:102D200006FA03F3012D02D19689334006E0022D05
:102D300002D1168A334001E0968A33400C120126F4
:102D400006FA04F41688344013B10CB1012000E0F7
:102D5000002070BD10B50022002340F66A14A14285
:102D600000D100BF0A1201249440A3B2DC430480C6
:102D700010BD000000380140004400400048004001
:102D8000004C004000500040094880470948004777
:102D9000FEE7FEE7FEE7FEE7FEE7FEE7FEE7FEE70B
:102DA000FEE7FEE704480549054A064B7047000068
:102DB0007105000831010008201E00202024002099
:102DC000202000202020002008B501210920FEF746
:102DD000DFFC01212A48FEF7F0FA3820ADF80000A8
:102DE00010208DF8030003208DF802006946254865
:102DF000FEF712FA38212348FEF7BBFA08BD10B5DA
:102E000020212048FEF7B7FA4FF47A7003F07BF9DF
:102E100010211C48FEF7AFFA4FF47A7003F073F9F3
:102E200008211848FEF7A7FA4FF47A7003F06BF9FF
:102E300038211448FEF79DFA10BD08B50121042081
:102E4000FEF7A6FC4FF48050ADF8000010208DF87E
:102E5000030003208DF8020069460B48FEF7DCF9F9
:102E60004FF480510848FEF784FA4FF47A7003F06B
:102E70004AF94FF480510448FEF77DFA08BD00007E
:102E800000023000000C014000080140704770470C
:102E90007FB505460C4601210220FEF786FCADF801
:102EA0000850ADF804400020ADF80A00ADF8060067
:102EB00001A97748FEF72AFF012211467448FFF75F
:102EC0009CFA1D208DF8000000208DF801000320E1
:102ED0008DF8020001208DF803006846FDF7CDFB58
:102EE00000216B48FFF76EFA7FBD1FB54FF08040A1
:102EF000FEF738FE4FF47A50ADF804003620ADF8F6
:102F000000000020ADF80600ADF8020069464FF061
:102F10008040FEF7FBFE01218807FFF719FD012223
:102F200011469007FFF769FA01218807FFF74AFA6F
:102F300001210846FEF739FC1C208DF80C00032007
:102F40008DF80D008DF80E0001208DF80F0003A8FC
:102F5000FDF793FB1FBD7FB505460C4601210420FC
:102F6000FEF723FCADF80850ADF804400020ADF8A2
:102F70000A00ADF8060001A94648FEF7C7FE012287
:102F800011464448FFF739FA1E208DF8000003204F
:102F90008DF801008DF8020001208DF803006846CD
:102FA000FDF76BFB01213B48FFF70CFA7FBD10B525
:102FB00001213748FFF7CFFC37490968884203D021
:102FC00001213348FFF7D8FC10BD00E0401E002867
:102FD000FCD17047002107E0002200E0521C40F6BF
:102FE000B8339A42FAD3491C8142F5D37047002185
:102FF00006E0002200E0521CB2F57A7FFBD3491CA8
:103000008142F6D3704710B501218807FFF7A3FC72
:1030100021490968884224D020484068401C1F4943
:10302000486008460068401C0860084640680A2856
:1030300003D1012008720020486018480068B0F5EC
:103040009C7F06D11548C068401C1449C860002008
:10305000086001218807FFF78FFC01218807FFF72F
:103060008BFC10BD00200D49087208604860C860E4
:1030700070470A48C0680A49D1F80C13884204D93D
:1030800000200649C860012070470020FCE70000CE
:10309000000400400008004098012242680000201F
:1030A000CC06002010B5F64803F00AFBF5A1F44861
:1030B00003F06BFCF54908604FF4967003F023F8B9
:1030C0000020EF49C1F804014FF48071EC4803F08F
:1030D000F4FCFFF7DCFE10BD10B5EAA1E84803F0F0
:1030E00054FCEA4908604FF4967003F00CF8002095
:1030F000E349C1F804014FF48071E14803F0DDFCBD
:10310000FFF7C5FE10BD10B5E1A003F0E5FAE5A09C
:1031100003F07CF94FF4967002F0F5FFD84803F005
:10312000CFFAE2A1D64803F030FCD8490860FFF797
:10313000B9FF11E0DEA003F0CFFAFFF7B3FFD9A08B
:1031400003F064F94FF4967002F0DDFFD7A1CC488C
:1031500003F01BFCCD490860CC4800680028E9D08A
:10316000DAA003F0B9FAE1A003F050F94FF4967039
:1031700002F0C9FFFFF796FFDEA003F047F94FF416
:10318000967002F0C0FFDEA1BD4803F0FEFBBF4910
:1031900008600EE0FFF786FFD6A003F037F94FF482
:1031A000967002F0B0FFD6A1B54803F0EEFBB74928
:1031B0000860B64800680028ECD04FF4FA6002F0CE
:1031C000A2FF0F22AE490A31CE4803F00FFCFFF7F1
:1031D00069FFCDA003F01AF94FF4967002F093FF47
:1031E000B2A1A74803F0D1FBA84908600EE0FFF7A1
:1031F00059FFC5A003F00AF94FF4967002F083FF5F
:10320000AAA19F4803F0C1FBA04908609F4800683D
:103210000028ECD00F229A490A31BE4803F0E6FBA1
:10322000FFF740FFBB4AB749BBA003F055FAFFF7D1
:1032300039FFBEA003F0EAF84FF4967002F063FF86
:10324000BDA18F4803F0A1FB90490860FFF72AFF5A
:103250000EE0FFF727FFB5A003F0D8F84FF4967003
:1032600002F051FFB4A1864803F08FFB8749086044
:10327000864800680028ECD0FFF714FFB1A003F0E7
:10328000C5F84FF4967002F03EFFB1A17C4803F000
:103290007CFB7E4908600846006820B178490E3101
:1032A000ADA003F019FAFFF7F2FD10BD10B5B4A000
:1032B00003F0ACF8642002F026FFB5A003F0A6F8F6
:1032C000642002F020FFB6A003F0A0F8642002F012
:1032D0001AFFFFF7E7FEFFF7DAFD10BD10B54FF458
:1032E0008071B34803F0C7FBB2A3B4A2C0A1B04839
:1032F00003F0FEF9AE4803F089F84FF4967002F03F
:1033000002FFC4A15E4803F040FB60490860084624
:10331000006800B110BDC3A1594803F036FB5B49FA
:1033200008600020C349086015E0C2480068401CDE
:10333000C0490860BBA1524803F027FB534908600D
:10334000642002F0E0FEBB480068642803DD002032
:10335000B849086003E04D4800680028E5D000BF88
:10336000FFF7A0FE00BFD5E770B504460D464FF449
:1033700080718F4803F07FFB2246AFA18C4803F099
:10338000B7F98B4803F042F84FF4967002F0BBFE99
:10339000AEA13B4803F0F9FA3C49086012E0A548A9
:1033A0000068401CA3490860A8A1354803F0EDFA65
:1033B000364908609F480068642803DD00209D4965
:1033C000086003E0314800680028E8D000BF2846C4
:1033D00003F01CF84FF4967002F095FE9CA128486B
:1033E00003F0D3FA294908600846006878B19A4882
:1033F0000068401C9849086008460068032805DDFD
:10340000012080F3138800BF00F074FF70BD93A10A
:103410001B4803F0BAFA1D4908600020854908607E
:1034200015E084480068401C824908608BA114485C
:1034300003F0ABFA15490860642002F064FE7D4891
:103440000068642803DD00207A49086003E00F4823
:1034500000680028E5D000BFFFF724FE00BFD5E7D5
:1034600010B580A1064803F090FA40B104497FA04E
:1034700003F032F908218348FDF77DFF12E103E1F3
:10348000B01B00202B51495552430000340000204E
:10349000737461727420696E6974204543383030EA
:1034A0004D0D0A00415445310D0A00004F4B0000FC
:1034B000B5A5C6ACBBFAD5FDD4DAC1ACBDD3C4A3A7
:1034C000BFE92E2E2E2E2E2E0D0A00002A2A2A2A81
:1034D000B5A5C6ACBBFABACDC4A3BFE9C1ACBDD3D8
:1034E000B3C9B9A62A2A2A2A2A0D0A004154490D2D
:1034F0000A00000041542B43494D490D0A000000C9
:1035000034363000CC01002041542B4347534E0D3C
:103510000A000000CC02002043494D493A2573A31C
:10352000AC4347534E3A25730D0A000041542B43D8
:10353000474154543F0D0A002B43474154543A200D
:103540003100000041542B4353510D0A000000008C
:103550002B4353513A000000D0C5BAC5D6CAC1BFEB
:10356000CAC73A257320D7A2D2E2A3BAD0C5BAC53A
:10357000D7EEB4F3D6B5CAC73331200D0A00000028
:1035800041542B5149434C4F53453D300D0A0000E7
:1035900041542B5149434C4F53453D310D0A0000D6
:1035A00041542B5149434C4F53453D320D0A0000C5
:1035B000CC030020313838330000000061316D4DFC
:1035C000385747384C50632E696F742D61732D6DD9
:1035D0007174742E636E2D7368616E676861692EF5
:1035E000616C6979756E63732E636F6D0000000006
:1035F00041542B51494F50454E3D312C302C2254D3
:103600004350222C222573222C25732C302C310D73
:103610000A0000002B51494F50454E3A20302C35BE
:10362000363600002B51494F50454E3A20302C3051
:10363000000000004400002041542B514953454EE6
:10364000443D302C25640D0A000000003E000000BF
:103650004552524F520000004800002053454E444E
:10366000204F4B004C45444B00000000CAD5B5BD6F
:10367000B7FECEF1C6F7CFC2B7A2CAFDBEDD3A256E
:1036800073000000000C0140FCA1FE4803F07DF92E
:1036900040B1FC49AFF22C0003F01EF80821FA48B3
:1036A000FDF767FE4FF4967002F02DFD0020F549FE
:1036B000C1F804014FF48071F24803F0FEF9FFF7FE
:1036C000E6FB10BD10B500244FF48071EF4803F005
:1036D000D2F9AFF22013EEA2F3A1EC4803F008F800
:1036E000EA49F7A002F0F8FFE84802F08FFE4FF435
:1036F000967002F008FDF6A1E24803F046F9F84999
:10370000086021E0641C1E2002F0FDFCF0A1DD48F1
:1037100003F03BF9F249086042F21070844213DD75
:103720004FF48051EF48FDF724FE4FF47A7002F019
:10373000EAFC4FF48051EB48FDF71DFE4FF4967004
:1037400002F0E1FC00F0D6FDE54800680028D9D081
:10375000FFF7A8FC4FF48071CC4803F08CF9E2A28B
:10376000E3A1CA4802F0C4FFC849D5A002F0B4FFE3
:10377000C64802F04BFE4FF4967002F0C4FCE1A183
:10378000C04803F002F9D649086005E0DDA1BD4854
:1037900003F0FBF8D2490860D14800680028F5D052
:1037A000FFF780FC4FF48071B84803F064F9CEA2B3
:1037B000D8A1B64802F09CFFB449C1A002F08CFF2A
:1037C000B24802F023FE4FF4967002F09CFCD9A19F
:1037D000AC4803F0DAF8C249086005E0D5A1A94871
:1037E00003F0D3F8BE490860BD4800680028F5D052
:1037F000FFF758FC10BD10B5FFF732FE00F03EFE9B
:10380000D14802788178D1A002F066FF4FF4807130
:103810009E4803F030F9FFF75FFCD1A19B4802F00E
:1038200067FF9A49A6A002F057FF984802F0EEFD04
:103830004FF4967002F067FCAFF2F011914803F07C
:10384000A4F8A749086017E0CD480068401CCC499F
:103850000860AFF208218B4803F097F8A049086090
:103860004FF4967002F04FFCC5480068642803DDF1
:103870000020C349086003E0994800680028E3D0AD
:1038800000BF4FF48071814803F0F5F8AE4803782B
:103890008278BCA17D4802F02BFF7C4988A002F011
:1038A0001BFF7A4802F0B2FD4FF4967002F02BFC39
:1038B0001A2002F07AFCAFF20C41724803F065F86E
:1038C000874908600020AE49086016E0AC480068EF
:1038D000401CAB490860AFF22C416A4803F055F830
:1038E0007F490860642002F00EFCA5480068642847
:1038F00003DD0020A249086003E079480068002841
:10390000E4D000BFA6A002F0E7FEFFF7A9FD5D48E6
:1039100002F0D6FE10BD2DE9FC41FFF7A1FDFFF737
:10392000DBFB0A21084600F062FEA34908804FF441
:10393000967002F0E8FBA0480188A0A002F0CCFE3F
:103940009D48008804F00EFD8046A14904F01EFD4C
:1039500005464FF08B4104F02BFC044604F09AFB23
:10396000064632460B469BA002F0B6FE4FF480712D
:10397000464803F080F8FFF7AFFB79A1434802F017
:10398000B7FE42494EA002F0A7FE404802F03EFDBD
:103990004FF4967002F0B7FBAFF25031394802F0A5
:1039A000F4FF4F49086017E075480068401C7449EF
:1039B0000860AFF26831334802F0E7FF4849086019
:1039C0004FF4967002F09FFB6D480068642803DD99
:1039D00000206B49086003E0414800680028E3D0FC
:1039E00000BF4FF48071294803F045F87248008801
:1039F00004F0B8FC8046764904F0C8FC05464FF058
:103A00008B4104F0D5FB044604F044FBCDE90001F2
:103A10006948028876A11D4802F06AFE1B4928A069
:103A200002F05AFE194802F0F1FC4FF4967002F0D1
:103A30006AFB1A2002F0B9FBAFF29051114802F074
:103A4000A4FF2749086000204D490860E5E04C4884
:103A50000068401C4A490860AFF2B051094802F0C2
:103A600094FF1F490860642002F04DFB4448006841
:103A7000642801DD0020CDE0CFE000004C45444744
:103A800000000000B01B0020000C0140CC0300200F
:103A90007472616365696F742E7A6B6A67792E6FD1
:103AA0006E6C696E6500000041542B514D544F50AF
:103AB000454E3D302C222573222C25730D0A000023
:103AC0004154535452203D202573200D0A0000001C
:103AD0002B514D544F50454E3A20302C30000000B1
:103AE0003400002000080140435354583030310066
:103AF00041542B514D54434F4E4E3D302C22257393
:103B0000220D0A002B514D54434F4E4E3A20302C7B
:103B1000302C300041542B514D545355423D302CE4
:103B2000312C226770732F25732F636D64222C3024
:103B3000200D0A002B514D545355423A20302C3160
:103B40002C302C30000000004C000020CEC2B6C843
:103B50003A256420CAAAB6C83A2564200D0A000096
:103B600041542B514D545055423D302C302C302C6B
:103B7000302C2274657374746F706963220D0A00AF
:103B8000440000207B226D7367223A2274656D70B9
:103B9000223A25642C2268756D69223A25647D00DD
:103BA000CEC2CAAAB6C8CAFDBEDDB7A2CBCDB3C9C4
:103BB000B9A621210D0A00003C00002041444331F8
:103BC000D4ADCABCCAFDD6B5A3BA25640D0A00009F
:103BD000333353402A2A2AD7AABBBBCAFDD6B52005
:103BE00041444331A3BA252E34660D0A000000007B
:103BF0007B226D7367223A2261646378223A2564DE
:103C00002C22566F6C74616765223A252E34667DCE
:103C100000000000FA49086004E0FA480068002843
:103C20003FF415AF00BFF8A002F056FDFFF718FCF7
:103C3000FB4802F045FDBDE8FC812DE9F34F87B05C
:103C40000E46F8A1F64802F0A0FE054645B1002454
:103C500004E0A01C295CF4480155641C092CF8D32D
:103C6000F2A1EF4802F091FE0546002D7DD0002420
:103C700005E0A01C285CEC490A390855641C0A2C94
:103C8000F7D3002405E0E8480A38015D13300155F8
:103C9000641C032CF7D3032407E0E3480A38025DD1
:103CA000E01EE1490E310A54641C0A2CF5D3DE49AA
:103CB0000A39897FA1F1300004F03CFB8346DC49DE
:103CC00004F076FA8146D8490A39497FA1F13000DB
:103CD00004F030FB8346D74904F06AFAD2490A3926
:103CE0000590097FA1F1300004F024FBD249029035
:103CF00004F05EFA8346CC490A39C97EA1F130004E
:103D000004F018FBCD49009004F052FAC6490A3974
:103D10000290497E3039C44A0A3A127E303A02EBA8
:103D2000820201EB420004F005FB0190029904F0CD
:103D3000DDF95946039004F0D9F90490059904F08F
:103D4000D5F98246494604F0D1F98046BC4904F0D1
:103D50002FFA0746B4490A39C97C303964225143E5
:103D6000B14A0A3A127D303A00E0A5E002EB820245
:103D700001EB4202AC490A39497D3039501804F050
:103D8000D9FA3946069004F0B1F9AE49086000242A
:103D900004E0A548015D0C300155641C022CF8D3E9
:103DA000022406E0A048025DA01E9F4915310A5476
:103DB000641C092CF6D39C490A3991F82510A1F10D
:103DC000300004F0B7FA8146994904F0F1F98046D1
:103DD00095490A3991F82410A1F1300004F0AAFAAB
:103DE0008146944904F0E4F98F490A39039091F827
:103DF0002310A1F1300004F09DFA83468E4904F0AF
:103E0000D7F9814688490A3991F82210A1F130008A
:103E100004F090FA8949009004F0CAF98346824977
:103E20000A3991F8201030397F4A0A3AD27F303A65
:103E300002EB820201EB420004F07CFA5946019049
:103E400004F054F98246494604F050F9029003996F
:103E500004F04CF94146049004F048F907467849CB
:103E600004F0A6F970490A390690C97D30396E4AC6
:103E70000A3A927D303A02EB820201EB420004F0F2
:103E800059FA0590069904F031F96E4948600868BE
:103E900004F000F907463A460B466BA1079802F07A
:103EA00027FC6849486804F0F5F807463A460B468F
:103EB00065A1304602F01CFC09B0BDE8F08F10B5DA
:103EC00062A002F0A3FA4FF4967002F01CF9AFF66C
:103ED0002421534802F059FD4A4908600AE04FF492
:103EE000967002F010F9AFF63C214D4802F04DFDFE
:103EF00044490860434800680028F0D0FFF7D2F832
:103F000067E055A002F082FA4FF4967002F0FBF8D9
:103F100057A1434802F039FD3A4908600EE0FFF727
:103F2000C1F84DA002F072FA4FF4967002F0EBF86F
:103F30004FA13B4802F029FD324908603148006832
:103F40000028ECD02F484CA102684C4802F0D0FB6E
:103F50004A494BA002F0C0FB4848407C41282DD183
:103F60001421494802F078FB1421484802F074FB00
:103F700046494548FFF761FE45A002F0ADFB4249C6
:103F800049A002F0A9FB41494CA002F0A5FBAFF605
:103F9000E421234802F0F9FC1A49086006E0AFF674
:103FA000F4211F4802F0F1FC16490860154800682A
:103FB0000028F4D000204649087008E045A002F02F
:103FC0008BFB4CA002F088FB012041490870FFF7F1
:103FD00083F83F480078002893D110BD08B5FFF75B
:103FE0003FFA1DA002F012FA4FF4967002F08BF81F
:103FF0001FA10B4802F0C9FC02490860A7E00000BD
:104000004400002034000020414443D6B5C9CFB459
:10401000ABB3C9B9A6A3A1A3A1A3A10D0A00000037
:10402000B01B0020412C0000020100204E2C00009B
:1040300000401C4600007A440000C84200002041B5
:10404000000070422C0000202566000041542B51D6
:104050004750533D310D0A0041542B5147505347AF
:104060004E4D45413D22524D43220D0A00000000B5
:1040700024474E524D430000257300007800002075
:1040800025730D0A000000003101002045010020C9
:10409000475053D0C5CFA2B6A8CEBBB3C9B9A6A3CB
:1040A000A1A3A10D0A0000004C6F6E6769747564CE
:1040B000655374723D25730D0A0000004C617469EC
:1040C000747564655374723D25730D0A0000000019
:1040D00028000020D5FDD4DAB6A8CEBB475053D077
:1040E000C5CFA2A3ACC7EBC4CDD0C4B5C8BAF2212A
:1040F000210D0A00D7A2D2E2A3BAB6A8CEBBB3C99B
:10410000B9A6BFECC2FDD3EBB5B1C7B0CBF9B4A62D
:10411000BBB7BEB3A3AC475053D0C5BAC5C7BFC821
:10412000F5D3D0B9D82121210D0A0000FEF7BAFF3E
:10413000AFF2DC0002F06AF94FF4967001F0E3FF91
:10414000AFF2D401724802F020FC72490860714855
:1041500000680028EAD06F48AFF2E40102686E48B8
:1041600002F0C6FA6C48407C41287AD114216B4891
:1041700002F072FA14216A4802F06EFA6849674840
:10418000FFF75BFD6549AFF2E00002F0A5FA644974
:10419000AFF2D80002F0A0FA4FF48071614802F04B
:1041A0006AFCFEF799FFAFF2C0625FA15D4802F0C2
:1041B0009FFA5C49AFF2F86002F08EFA594802F0BB
:1041C00025F94FF4967001F09EFFAFF6803150480C
:1041D00002F0DBFB4F49086017E05D480068401CB7
:1041E0005B490860AFF69C31494802F0CEFB494973
:1041F00008604FF4967001F086FF55480068642807
:1042000003DD00205249086003E0424800680028AE
:10421000E3D000BF4FF48071424802F02CFC3F48CD
:104220003F4BAFF23C724B4900903E4802F060FABF
:104230003C4949A002F050FA3A4802F0E7F84FF43E
:10424000967001F060FF1A2001F0AFFFAFF6A451A5
:104250002F4802F09AFB2F49086000203C49086073
:1042600017E01EE03A480068401C39490860AFF684
:10427000C451274802F089FB26490860642001F0F8
:1042800042FF33480068642803DD0020304908609D
:1042900003E0204800680028E4D000BF33A002F00B
:1042A0001BFAFFF7DDF81A4802F00AFA08BD10B54C
:1042B000FEF7F8FE4FF48071324802F0DCFB32A0CA
:1042C00002F0A4F84FF4967001F01DFF31A11048E0
:1042D00002F05BFB0F4908600846006840B10F22FE
:1042E000084601680831274802F00EFC254810BD39
:1042F0000020FCE72A48006800F4E06029490843F0
:10430000001D27490860BFF3408F00BFFEE7000093
:10431000B01B002034000020780000203101002074
:1043200045010020CC03002041542B514D545055E1
:10433000423D302C302C302C302C226770732F25CE
:10434000732F6C6F636174696F6E220D0A00000039
:1043500044000020A8AD0008475053205061796CFC
:104360006F6164203D202573200D0A00475053D013
:10437000C5CFA2C9CFB4ABB3C9B9A6A3A1A3A1A30A
:10438000A10D0A00CC04002041542B4347534E3D5D
:10439000310D0A002B4347534E3A20220000000003
:1043A0000CED00E00000FA0508B501211020FDF732
:1043B000EFF94FF40060ADF8000010208DF8030015
:1043C00003208DF8020069465A48FCF725FF08BD16
:1043D00010B5FFF7E9FF4FF400615648FCF7C9FF3D
:1043E00010BD08B54FF40060ADF8000048208DF80E
:1043F000030069464F48FCF70FFF08BD08B54FF4AE
:104400000060ADF8000010208DF8030003208DF847
:10441000020069464748FCF7FFFE08BD70B500255D
:10442000002427E000BF4FF400614248FCF787FFFB
:104430000028F8D0282001F042FE4FF400613D48EA
:10444000FCF77DFF01280ED100BF4FF40061394811
:10445000FCF775FF0128F8D0C4F10701012088405E
:10446000C0B2054304E0C4F1070101208840854340
:10447000601CC4B2082CD5DB284670BD10B5FFF710
:10448000BDFF4FF400612B48FCF775FF122001F0CF
:104490003AFE4FF400612748FCF76BFF1E2001F045
:1044A0000EFEFFF79EFF4FF400612248FCF747FF26
:1044B00000283DD100BF4FF400611E48FCF73FFFCC
:1044C0000028F8D000BF4FF400611A48FCF737FF0E
:1044D0000128F8D0FFF7A2FF17490870FFF79EFFE9
:1044E00015494870FFF79AFF13498870FFF796FF48
:1044F0001149C870FFF792FF0F490871FFF77EFF5F
:104500004FF400610B48FCF734FF0B4800780A4970
:10451000497808440849897808440749C978084413
:1045200005490979884201D1012010BD0020FCE72E
:104530000020FAE7000801404C00002000B587B0D9
:1045400001214FF40470FDF723F94FF40040FDF70B
:1045500083F80320ADF8040000208DF8070001A9BE
:104560002E48FCF759FE2E48FCF7F0F80020029088
:104570008DF80C008DF80D004FF4602004900020A1
:10458000059001208DF8180002A92548FCF705F9CF
:1045900001212348FCF72DF92148FCF74CF900BF15
:1045A0001F48FCF74DF90028FAD11D48FCF752F9D5
:1045B00000BF1B48FCF753F90028FAD107B000BD33
:1045C00010B504460723012221461548FCF77DF962
:1045D00001211348FCF74DF900BF02211048FCF7F8
:1045E000B9FA0028F9D00E48FCF7D6F910BD2DE92C
:1045F000F04107460C460025002608E03846FFF744
:10460000DFFF0544052001F07EFD701CC6B2A64206
:10461000F4DBB5FBF4F080B2BDE8F081001001409E
:104620000024014008B501210420FDF7B1F8012163
:1046300044F20400FDF7B9F84FF48050ADF80000E3
:1046400003208DF8020010208DF8030069463C48D5
:10465000FCF7E2FD4FF42040ADF8000018208DF883
:10466000030069463648FCF7D7FD4FF48040ADF8AB
:10467000000004208DF8030069463148FCF7CCFDAA
:1046800008BD00B585B00020ADF800004FF4827081
:10469000ADF802000020ADF804000220ADF80600DD
:1046A0000120ADF808004002ADF80A000020ADF886
:1046B0000C00ADF80E000720ADF810006946214847
:1046C000FDF7F0F801211F48FDF791F905B000BD95
:1046D00010B5FFF7A7FFFFF7D4FF10BD014600BFDD
:1046E00018480830008800F002000028F8D015486B
:1046F0000C30018000BF13480830008800F0010032
:104700000028F8D00F480C300088C0B2704700BFB6
:104710000C480830008800F002000028F8D0FF2084
:1047200008490C31088000BF06480830008800F0B6
:1047300001000028F8D003480C300088C0B2704750
:10474000000C01400038004010B54FF48050F9498A
:1047500008600620FFF7C2FF4FF48050F549091F9B
:10476000086010BD10B54FF48050F2490860042075
:10477000FFF7B4FF4FF48050EE49091F086010BDE9
:1047800010B54FF48050EB4908600520FFF7A6FFF5
:10479000FFF7BDFF04464FF48050E649091F08604B
:1047A000204610BD10B50446FFF7CEFF0120FFF7ED
:1047B00095FF2046FFF792FF4FF48050DD49091F17
:1047C000086010BD70B505460C4616464FF4805083
:1047D000D84908600320FFF781FFC4F30740FFF7C3
:1047E0007DFFC4F30720FFF779FFE0B2FFF776FF04
:1047F00003E0FFF78CFF28706D1C3000A6F101016B
:104800008EB2F6D14FF48050CA49091F086070BDBE
:1048100070B505460C4616464FF48050C5490860F1
:104820000B20FFF75BFFC4F30740FFF757FFC4F30C
:104830000720FFF753FFE0B2FFF750FFFF20FFF71D
:104840004DFF03E0FFF763FF28706D1C3000A6F1F9
:1048500001018EB2F6D14FF48050B649091F0860AD
:1048600070BD10B500BFFFF78BFF00F001000028FE
:10487000F9D110BD70B505460C461646FFF764FF2A
:104880004FF48050AB4908600220FFF727FFC4F3C4
:104890000740FFF723FFC4F30720FFF71FFFE0B235
:1048A000FFF71CFF03E02878FFF718FF6D1C3000AE
:1048B000A6F101018EB2F6D14FF480509D49091F37
:1048C0000860FFF7CEFF70BD2DE9F04107460E46A8
:1048D0001446F0B2C0F58075AC4200DC254612E00B
:1048E0002A4631463846FFF7C5FFAC4200D10BE0FF
:1048F0002F442E44601B84B2B4F5807F02DD4FF458
:10490000807500E02546EBE700BFBDE8F08110B5FB
:1049100004462403FFF718FFFFF7A3FF4FF480506E
:10492000844908602020FFF7D9FEC4F30740FFF751
:10493000D5FEC4F30720FFF7D1FEE0B2FFF7CEFEAD
:104940004FF480507B49091F0860FFF78AFF10BDB4
:104950002DE9F04781460F4616464FEA1738C7F350
:104960000B0ACAF58054A64200DC344646E04FEA02
:1049700008314FF480527048FFF724FF002508E00B
:104980000AEB05006C49085CFF2800D003E0681CB6
:1049900085B2A542F4DB00BFA54216DA4046FFF718
:1049A000B6FF002507E019F805000AEB0501624A89
:1049B0005054681C85B2A542F5DB4FEA08314FF42C
:1049C00080525D48FFF780FF04E0224639464846A2
:1049D000FFF77AFFA64202D1FFF7C4FE0FE008F10D
:1049E00001084FF0000AA1442744301B86B2B6F5F7
:1049F000805F02DD4FF4805400E03446B7E700BF2B
:104A0000BDE8F08710B504462404FFF79DFEFFF7CC
:104A100028FF4FF4805047490860D820FFF75EFE1A
:104A2000C4F30740FFF75AFEC4F30720FFF756FE12
:104A3000E0B2FFF753FE4FF480503E49091F086073
:104A4000FFF70FFF10BD10B5FFF77EFEFFF709FF60
:104A50004FF4805037490860C720FFF73FFE4FF4FE
:104A600080503449091F0860FFF7FBFE10BD10B5E8
:104A70004FF480502F490860B920FFF72FFE4FF404
:104A800080502C49091F086010BD10B54FF48050AC
:104A900028490860AB20FFF721FE4FF480502549DC
:104AA000091F086010BD10B500244FF48050214943
:104AB00008609020FFF712FE0020FFF70FFE002095
:104AC000FFF70CFE0020FFF709FEFFF720FE44EA87
:104AD0000024FFF71CFE04434FF480501549091FC2
:104AE0000860204610BD10B500244FF480501149D5
:104AF00008609F20FFF7F2FDFFF709FE44EA00443B
:104B0000FFF705FE44EA0024FFF701FE04434FF4DB
:104B100080500849091F0860204610BD2DE9F0416A
:104B200007460D460026284601F041FF8046002436
:104B300016E00000140C0140E0090020285D2A283E
:104B400001D1701CC6B2BE4203D1601CC0B2BDE828
:104B5000F081B6F5807F01DD0020F8E7601CC4B26B
:104B60004445EBDB0020F2E72DE9F041D0B00746E9
:104B70004FF000084FF4807110A801F09EFF402113
:104B8000684601F09AFF4021F84801F096FF402165
:104B9000F648413001F06FFF4021F448823001F0C7
:104BA0006AFF4021F148C33001F065FF4021F04821
:104BB00001F083FF4021EE48413001F05CFF4021CD
:104BC000EB48823001F057FF4021E948C33001F043
:104BD00052FF4021E74801F070FF4021E548413095
:104BE00001F049FF4021E348823001F044FF4021B9
:104BF000E048C33001F03FFF0020DC49C1F80C035E
:104C0000C1F81003384601F0D2FE142803D2012067
:104C100050B0BDE8F081D8A1384601F0B6FE80461C
:104C2000B8F1000F01D10120F2E73A46D3A110A854
:104C300001F05EFDD2A001F04FFD10A801F04CFD87
:104C4000D1A001F049FD10A90120FFF767FF04463C
:104C500010A90220FFF762FF05462E1B402168467F
:104C600001F02BFF721E10A80119684601F04CFFDD
:104C70006A46C2A1BE48413001F03AFDC3A001F02E
:104C80002BFDBB48413001F01BFDBFA001F024FD0E
:104C900010A90220FFF742FF044610A90320FFF7E6
:104CA0003DFF05462E1B4021684601F006FF721E9F
:104CB00010A80119684601F027FF6A46AFA1AC4869
:104CC000823001F015FDB3A001F006FDA849823144
:104CD000B2A001F001FD10A90320FFF71FFF044659
:104CE00010A90420FFF71AFF05462E1B4021684635
:104CF00001F0E3FE721E10A80119684601F004FFDE
:104D0000684601F054FE08B9012081E76A469BA17C
:104D10009848413801F0ECFCA2A001F0DDFC954878
:104D2000413801F0CDFC98A001F0D6FC10A9042078
:104D3000FFF7F4FE044610A90520FFF7EFFE054635
:104D40002E1B4021684601F0B8FE721E10A8011902
:104D5000684601F0D9FE684601F029FE08B9012035
:104D600056E76A4685A1834801F0C2FC8FA001F096
:104D7000B3FC804801F0A4FC83A001F0ADFC10A9B5
:104D80000520FFF7CBFE044610A90620FFF7C6FE5C
:104D900005462E1B4021684601F08FFE721E10A8AA
:104DA0000119684601F0B0FE684601F000FE08B93E
:104DB00001202DE76A4671A16E48413001F098FC50
:104DC0007CA001F089FC6B48413001F079FC6EA0B9
:104DD00001F082FC10A90620FFF7A0FE044610A9EE
:104DE0000720FFF79BFE05462E1B4021684601F079
:104DF00064FE721E10A80119684601F085FE68461F
:104E000001F0D5FD08B9012002E76A465BA15948C7
:104E1000823001F06DFC69A001F05EFC55488230E3
:104E200001F04EFC58A001F057FC10A90720FFF735
:104E300075FE044610A90820FFF770FE05462E1BDC
:104E40004021684601F039FE721E10A8011968461B
:104E500001F05AFE684601F0AAFD08B90120D7E624
:104E60006A4646A14348C33001F042FC55A001F018
:104E700033FC4048C33001F023FC43A001F02CFC7C
:104E800010A90820FFF74AFE044610A90920FFF7E1
:104E900045FE05462E1B4021684601F00EFE721E9F
:104EA00010A80119684601F02FFE684601F07FFD49
:104EB00008B90120ACE6684601F05AFD2B49C1F85B
:104EC0000C0342A001F008FC2848D0F80C1341A0C4
:104ED00001F002FC2CA001F0FFFB10A90920FFF754
:104EE0001DFE044610A90A20FFF718FE05462E1BDA
:104EF0004021684601F0E1FD721E10A801196846C4
:104F000001F002FE684601F052FD08B901207FE67B
:104F100031A001F0E1FB684601F0DEFB1AA001F0D0
:104F2000DBFB2FA001F0D8FB684601F040FD28B163
:104F3000684601F01DFD0D49C1F81003002067E629
:104F400010B5C0B0002404E000200DF80400601C7F
:104F5000C4B2FF2CF8DB2AA001F0BEFBFF22002127
:104F60006846FFF7F5FC002453E00000CC06002063
:104F7000D0070020D4080020240000002573000082
:104F80006C696E65000000000D0A00004345313A6F
:104F9000000000004345323A0000000025730D0A6E
:104FA000000000004345333A000000004345343A16
:104FB000000000004345353A000000004345363A02
:104FC000000000004345373A000000004345383AEE
:104FD00000000000256400004345393A000000004D
:104FE0002A2A2A2A2A2A2A2A2A2A2A2A2A2A2A2A21
:104FF0002A2A2A2A2A2A2A2A2A2A0D0A00000000F6
:1050000057726974650D0A0000200DF80400601CD9
:10501000C4B2FF2CF8DB08A001F05EFBFF220021E8
:105020006846FFF7CFFB002401E0601CC4B2FE2CF1
:10503000FBDB40B010BD0000526561640D0A00004A
:1050400030B5014601F01F04C1F34513CA0AE50259
:1050500005EB43151544A8B230BD2DE9F0470646CF
:105060000F4690469A46002445464FEA4800C0F154
:1050700003094AE07A1991B2321990B2524600F00F
:1050800062FE7A1991B2321B90B2524600F05BFE7A
:105090007A1B91B2321990B2524600F054FE7A1B3C
:1050A00091B2321B90B2524600F04DFE3A1991B2C5
:1050B000721990B2524600F046FE3A1991B2721B34
:1050C00090B2524600F03FFE3A1B91B2721990B274
:1050D000524600F038FE3A1B91B2721B90B2524613
:1050E00000F031FEB9F1000F05DA042000FB049056
:1050F00000F1060907E0601B042101FB009000F1AC
:105100000A09681E85B2601C84B2AC42B2DBAC42B4
:1051100037D17A1991B2321990B2524600F013FE8B
:105120007A1991B2321990B2524600F00CFE7A1BF5
:1051300091B2321990B2524600F005FE7A1B91B23C
:10514000321B90B2524600F0FEFD3A1991B272192C
:1051500090B2524600F0F7FD3A1991B2721B90B22C
:10516000524600F0F0FD3A1B91B2721990B25246CD
:1051700000F0E9FD3A1B91B2721B90B2524600F06A
:10518000E2FDBDE8F0872DE9FF4F83B080468946F8
:105190004946404600F0CDFD0598A0EB080506986D
:1051A000A0EB0906002D02DB0120029003E04FF086
:1051B000FF3002906D42002E02DB0120019003E0DF
:1051C0004FF0FF30019076424FEA450A4FEA460B16
:1051D000B54219DDABEB0504002712E04946404615
:1051E000109A00F0B0FD002C05DBA4EB0A04019836
:1051F00048441FFA80F95C44029840441FFA80F842
:105200007F1CAF42EADD18E0AAEB0604002712E09B
:1052100049464046109A00F096FD002C05DBA4EBB1
:105220000B04029840441FFA80F854440198484403
:105230001FFA80F97F1CB742EADD07B0BDE8F08FA6
:105240002DE9F84305460C4616461F46DDF820803A
:105250004EF67D700090A81982B22346214628465A
:10526000FFF791FF42F6651004F1010CBC441FFAF0
:105270008CF305EB060CACF1010C1FFA8CF204F177
:10528000010C1FFA8CF105EB060CACF1010C00903F
:105290001FFA8CF0FFF777FF42F665100090E019D7
:1052A00083B2A81982B2E01981B22846FFF76BFFDA
:1052B0004EF67D700090E01983B22A4621462846BA
:1052C000FFF761FF04F1010CBC44ACF1020C1FFAC2
:1052D0008CF305F1010CB444ACF1020C1FFA8CF212
:1052E00004F1010C1FFA8CF105F1010C1FFA8CF08E
:1052F000CDF80080FFF747FFBDE8F8832DE9F843BC
:1053000005460C4616461F46DDF82080B8F1000F12
:1053100039D14EF67D700090A81982B223462146FD
:105320002846FFF730FF42F6651004F1010CBC443B
:105330001FFA8CF305EB060CACF1010C1FFA8CF292
:1053400004F1010C1FFA8CF105EB060CACF1010C19
:1053500000901FFA8CF0FFF716FF42F665100090E0
:10536000E01983B2A81982B2E01981B22846FFF78A
:105370000AFF4EF67D700090E01983B22A4621465E
:105380002846FFF700FFB8F1010F39D142F665104A
:105390000090A81982B2234621462846FFF7F3FE63
:1053A0004EF67D7004F1010CBC441FFA8CF305EB42
:1053B000060CACF1010C1FFA8CF204F1010C1FFA7F
:1053C0008CF105EB060CACF1010C00901FFA8CF08F
:1053D000FFF7D9FE4EF67D700090E01983B2A81950
:1053E00082B2E01981B22846FFF7CDFE42F6651081
:1053F0000090E01983B22A4621462846FFF7C3FEF3
:10540000B8F1020F39D14FF6FF700090A81982B29F
:10541000234621462846FFF7B6FE4FF6FF7004F1FB
:10542000010CBC441FFA8CF305EB060CACF1010C2B
:105430001FFA8CF204F1010C1FFA8CF105EB060C3B
:10544000ACF1010C00901FFA8CF0FFF79CFE4FF6B8
:10545000FF700090E01983B2A81982B2E01981B2FE
:105460002846FFF790FE4FF6FF700090E01983B2D8
:105470002A4621462846FFF786FEBDE8F883F8B5A0
:1054800004460D4616461F4644F208202B46324677
:10549000294600902046FFF776FE48F210406A1C2D
:1054A00093B291B2621C009090B23246FFF76BFE4D
:1054B00044F208203B462246294600902046FFF74A
:1054C00062FE48F21040631C9AB26B1C99B2631CD6
:1054D000009098B23B46FFF756FE4FF6FF703B46F2
:1054E0003246394600902046FFF74DFE4FF6FF70DA
:1054F0003B463246294600903046FFF744FEF8BD51
:10550000F8B506460F4614461D464FF6FF703B465B
:105510002246394600903046FFF735FE4FF6FF70C1
:105520002B463246394600903046FFF72CFE48F2B3
:1055300010406A1E93B291B2721C009090B2224643
:10554000FFF721FE44F208202B4622462946009010
:105550003046FFF718FE48F21040631E9AB27B1CDB
:1055600099B2631E009098B22B46FFF70CFE44F2EE
:1055700008202B462246394600902046FFF703FEBE
:10558000F8BD2DE9F84F0746884693469A46DDF860
:1055900028900097B3E099F8000080283DDA99F848
:1055A00000600D2E05D1009F08F110001FFA80F851
:1055B00030E0202E03DDA6F1200086B200E00026B8
:1055C000002422E000251CE004EB0610E849085CFA
:1055D00080212941084040B108EB040291B27A19B8
:1055E00090B25A4600F0AFFB09E0D34507D008EB74
:1055F000040291B27A1990B2524600F0A4FB681CE2
:10560000C5B2082DE0DB601CC4B2102CDADB07F158
:10561000080087B209F1010971E0002668E006EB95
:105620000610D44911F8100099F8001088425DD195
:1056300006EB0610CF4901EB4000407899F80110C5
:10564000884253D100244FE0002520E006EB0610ED
:10565000C84901EB4000801C10F81410802028413C
:10566000014041B108EB040291B27A1990B25A4656
:1056700000F069FB09E0D34507D008EB040291B2C2
:105680007A1990B2524600F05EFB681CC5B2082D34
:10569000DCDB002524E006EB0610B64901EB4000F8
:1056A000801C012101EB4401405C8021294108401C
:1056B00048B108EB040291B27A19083290B25A4606
:1056C00000F041FB0AE0D34508D008EB040291B298
:1056D0007A19083290B2524600F035FB681CC5B208
:1056E000082DD8DB601CC4B2102CADDB701C86B258
:1056F000322E94DB09F1020907F1100087B299F804
:10570000000000287FF447AFBDE8F88F2DE9F05F77
:105710000646884693469A46DDF82890E2E099F8D6
:105720000000802835DA99F80070202F03DDA7F1FA
:10573000200087B200E00027002522E000241CE0C2
:1057400005EB07108A49095C80202041014041B1E6
:1057500008EB050291B2321990B25A4600F0F3FA02
:1057600009E0D34507D008EB050291B2321990B297
:10577000524600F0E8FA601CC4B2082CE0DB681C5A
:10578000C5B2102DDADB09F1010906F1080086B275
:10579000A8E000279EE007EB870000EB4710764962
:1057A00011F8100099F8001088427CD107EB8700AF
:1057B00000EB4710704901EB4000407899F8011068
:1057C0008842F2D1002580E0002423E007EB870027
:1057D00000EB4710684901EB4000801C05EB4501D8
:1057E000405C80212141084040B108EB050291B2A4
:1057F000321990B25A4600F0A6FA09E0D34507D014
:1058000008EB050291B2321990B2524600F09BFAB1
:10581000601CC4B2082CD9DB002426E007EB87000B
:1058200000EB4710544901EB4000801C05EB45019B
:10583000491C405C80212141084048B108EB050229
:1058400091B23219083290B25A4600F07CFA0AE05E
:10585000D34508D008EB050291B23219083290B254
:10586000524600F070FA601CC4B2082CD6DB00244B
:1058700027E007EB870000EB47103F4901EB4000B2
:10588000801C05EB4501891C405C802121410840BA
:1058900050B108EB050291B23219103290B25A465B
:1058A00000F051FA0BE013E0D34508D008EB0502F5
:1058B00091B23219103290B2524600F044FA601C94
:1058C000C4B2082CD5DB681CC5B2182DFFF67CAF1E
:1058D000781C87B2142FFFF65EAF09F1020906F1BA
:1058E000180086B299F8000000287FF418AFBDE8D0
:1058F000F09F2DE9F05F07468846924699460025BD
:1059000031E000242BE01D490A9801EBC01000EBA8
:10591000850010F804B000261DE08020304100EA28
:105920000B0050B108EB050291B207EBC402324400
:1059300090B2524600F007FA0BE0CA4509D008EBD6
:10594000050291B207EBC402324490B24A4600F01D
:10595000FAF9701CC6B2082EDFDB601CC4B2042C3E
:10596000D1DB681CC5B2202DCBDBBDE8F09F000069
:105970009292000804A00008ECA600088398000892
:1059800008B501210820FBF703FF0320ADF8000054
:105990008DF8020010208DF803006946F848FBF7E7
:1059A0003BFC01210420FBF7F3FEA020ADF8000032
:1059B00003208DF8020010208DF803006946F1489D
:1059C000FBF72AFC01211020FBF7E2FE3020ADF8A6
:1059D000000003208DF8020010208DF803006946B6
:1059E000E948FBF719FC08BD0021082115E000F08B
:1059F000800222B18022E34B10331A6003E0802240
:105A0000E04B14331A602022DE4B14331A601B1F44
:105A10001A604206100E4A1ED1B20029E7DC704718
:105A200010B504461020D84948610220D4491431E9
:105A300008602046FFF7D8FF1020D349086110BD49
:105A400010B504461020D04948610220CC491031DD
:105A500008602046FFF7C8FF1020CB49086110BD41
:105A600010B504461020C84948610220C4491031CD
:105A700008602012FFF7B8FFE0B2FFF7B5FF102073
:105A8000C149086110BD30B505460C462846FFF7F0
:105A9000C7FF2046FFF7D4FF30BD10B50120B8493D
:105AA00014310860642000F02EFB0120B44910314D
:105AB0000860322000F027FB10BD10B5FFF760FF33
:105AC000FFF7EBFF1120FFF7ABFF782000F01BFB87
:105AD000B120FFF7A5FF0120FFF7B2FF2C20FFF751
:105AE000AFFF2D20FFF7ACFFB220FFF799FF012099
:105AF000FFF7A6FF2C20FFF7A3FF2D20FFF7A0FF45
:105B0000B320FFF78DFF0120FFF79AFF2C20FFF74E
:105B100097FF2D20FFF794FF0120FFF791FF2C2026
:105B2000FFF78EFF2D20FFF78BFFB420FFF778FFE4
:105B30000720FFF785FFC020FFF772FFA220FFF7C5
:105B40007FFF0220FFF77CFF8420FFF779FFC12051
:105B5000FFF766FFC520FFF773FFC220FFF760FF66
:105B60000A20FFF76DFF0020FFF76AFFC320FFF751
:105B700057FF8A20FFF764FF2A20FFF761FFC42048
:105B8000FFF74EFF8A20FFF75BFFEE20FFF758FF7D
:105B9000C520FFF745FF0E20FFF752FF3620FFF725
:105BA0003FFFC020FFF74CFFE020FFF739FF0F2039
:105BB000FFF746FF1A20FFF743FF0F20FFF740FFD4
:105BC0001820FFF73DFF2F20FFF73AFF2820FFF7AF
:105BD00037FF2020FFF734FF2220FFF731FF1F207F
:105BE000FFF72EFF1B20FFF72BFF2320FFF728FFD7
:105BF0003720FFF725FF0020FFF722FF0720FFF7E0
:105C00001FFF0220FFF71CFF1020FFF719FFE12004
:105C1000FFF706FF0F20FFF713FF1B20FFF710FF12
:105C20000F20FFF70DFF1720FFF70AFF3320FFF7C4
:105C300007FF2C20FFF704FF2920FFF701FF2E208C
:105C4000FFF7FEFE3020FFF7FBFE3020FFF7F8FEE7
:105C50003920FFF7F5FE3F20FFF7F2FE0020FFF7A7
:105C6000EFFE0720FFF7ECFE0320FFF7E9FE102010
:105C7000FFF7E6FE2A20FFF7D3FE0020FFF7E0FE45
:105C80000020FFF7DDFE0020FFF7DAFE7F20FFF7A0
:105C9000D7FE2B20FFF7C4FE0020FFF7D1FE002027
:105CA000FFF7CEFE0020FFF7CBFE9F20FFF7C8FED8
:105CB000F020FFF7B5FE0120FFF7C2FEF620FFF748
:105CC000AFFE0020FFF7BCFE3A20FFF7A9FE05203B
:105CD000FFF7B6FE2920FFF7A3FE10BDF0B504467E
:105CE0000D4616461F462A20FFF79AFE0020FFF7B2
:105CF000A7FEA11CC8B2FFF7A3FE0020FFF7A0FE7D
:105D0000B11CC8B2FFF79CFE2B20FFF789FE0020D4
:105D1000FFF796FE691CC8B2FFF792FE0020FFF75E
:105D20008FFE791CC8B2FFF78BFE2C20FFF778FEA0
:105D3000F0BD30B504460D462B4622462946204686
:105D4000FFF7CCFF30BD70B504460D461646681C03
:105D500083B2601C82B229462046FFF7BFFF30465F
:105D6000FFF77EFE70BD60B505460E4631462846FB
:105D7000FFF7DFFFE0B2FFF763FE204660BD0000E3
:105D8000000C0140000801400010014070B50646BB
:105D90009F237F2200210846FFF7A0FF2C20FFF75A
:105DA0003FFE002408E0002503E03046FFF758FEE0
:105DB0006D1CA02DF9D3641C802CF4D370BD0000A1
:105DC00008B54EF67D70FFF7E1FF87A04EF67D73B4
:105DD0001F22002100901020FFF7D3FB86A04EF673
:105DE0007D734FF47842142100901020FFF7C9FB17
:105DF0003A23712226210F20FFF782FB82A04EF664
:105E00007D734FF6E072282100901020FFF7B9FB58
:105E10005823712244210F20FFF772FB7EA04EF61B
:105E20007D731F22462100901020FFF7AAFB7623E6
:105E3000712262210F20FFF763FB7BA04EF67D737A
:105E40004FF47842642100901020FFF79AFB40F253
:105E5000DC5000F058F908BDF8B500244EF67D700E
:105E6000FFF794FF74A04EF67D734FF4784214212F
:105E700000900020FFF785FB4FF47A7000F043F9A3
:105E80004EF67D70FFF782FF00BF20E0032094FBF9
:105E9000F0F04001401D85B2032094FBF0F100FBBF
:105EA000114000EB80004FF6FF7101EAC006674821
:105EB000005D4EF67D734FF47842294600903046DF
:105EC000FFF717FD642000F01EF9601CC4B20A2C15
:105ED000DCDBF8BD08B55EA04FF6FF731F221E2164
:105EE00000901020FFF74DFB5DA04FF6FF731F22BF
:105EF000322100901020FFF744FB5DA04FF6FF73A6
:105F00004FF47842462100901020FFF73AFB08BD7D
:105F100038B501244EF67D70FFF738FF58A04EF6D5
:105F20007D731F220A2100901420FFF72AFBC8204E
:105F300000F0E9F811E04FF6FF70FFF727FF0020AF
:105F4000FFF724FF4FF47840FFF720FF4FF4FC6089
:105F5000FFF71CFF1F20FFF719FF2000A4F101012C
:105F6000CCB2E8D138BD2DE9F04707464FF6FF70B7
:105F7000FFF70CFF022633E000252EE006EB860C2F
:105F80004FEACC0C0CF1270C1FFA8CF305EB850CB7
:105F90004FEACC0C0CF1270C1FFA8CF206EB860CA6
:105FA0004FEACC4C4FEA1C4105EB850C4FEACC4C38
:105FB0004FEA1C40FFF792FE00240AE017F8149005
:105FC00007EB440090F8018049EA0820FFF748FDFC
:105FD000641CB4F5C86FF1DB6D1C032DCEDB761CA1
:105FE000042EC9DBBDE8F087C8ABB6AFB5E7D7D3A1
:105FF000BCBCCAF500000000D2BABEA7B2E2CAD447
:10600000B3CCD0F200000000D1D5C9ABCCEEB3E4E4
:10601000B2E2CAD400000000CEC4D7D6CFD4CABEE4
:10602000B2E2CAD400000000CDBCC6ACCFD4CABE18
:10603000B2E2CAD4000000003447204D4F44554C12
:10604000452053544152542E0000000051000020BE
:1060500053544D3332203447204750530000000042
:106060005443502F434F41502F4D51545400000082
:10607000C8ABB3CCBCBCCAF5D6A7B3D600000000F1
:10608000436F6C6F722054657374000010B56FF02D
:106090000400FAF73CFB2E4800682E49B0FBF1F0F3
:1060A0002D4908700846007800EB4001C1EBC01094
:1060B0004FF6FF7101EAC0002849088010BD014673
:1060C000254A12784A434FF0E0235A6100229A6130
:1060D0001A46126942F001021A6100BF4FF0E02235
:1060E000106900F001021AB100F48032002AF5D0E4
:1060F0004FF0E022126922F001024FF0E0231A6112
:1061000000229A6170470146144A12884A434FF0B0
:10611000E0235A6100229A611A46126942F0010294
:106120001A6100BF4FF0E022106900F001021AB1BD
:1061300000F48032002AF5D04FF0E022126922F0FC
:1061400001024FF0E0231A6100229A6170470000BB
:106150000000002000127A005C0000205E00002099
:1061600010B54FF4A060FAF783FA10BD014600BFE6
:10617000704700BFFD4A128802F04002002AF9D0A1
:10618000C2B2FA4B1B1D1A80704710B5044600BFFF
:106190008021F648FCF79EFDF54909688842F7D052
:1061A0002146F248FCF728FD10BD10B5044600BF9B
:1061B0008021F048FCF78EFDED4909688842F7D050
:1061C0002146EC48FCF718FD10BD10B5044600BF91
:1061D0008021E948FCF77EFDE54909688842F7D04F
:1061E0002146E548FCF708FD10BD10B586B0044611
:1061F000012144F20400FBF7CBFADC48FCF7C0FBBA
:106200004FF40070ADF8140003208DF8160018202C
:106210008DF8170005A9D948FAF7FEFF4FF4806002
:10622000ADF8140004208DF8170005A9D348FAF73B
:10623000F3FF25208DF8000003208DF801008DF874
:10624000020001208DF803006846FAF716FA0121D2
:106250000846FBF7AAFA03208DF801008DF802002A
:1062600001208DF803006846FAF707FA0194002030
:10627000ADF80800ADF80A00ADF80C00ADF810005C
:106280000C20ADF80E0001A9B848FCF7BCFB0122B8
:1062900040F22551B548FCF74EFC0121B348FCF70C
:1062A0003EFC06B010BD10B586B0044601210420A6
:1062B000FBF76EFA01214804FBF777FAAD48FCF7CB
:1062C0005FFB0420ADF8140003208DF816001820A1
:1062D0008DF8170005A9A948FAF79EFF0820ADF828
:1062E000140004208DF8170005A9A448FAF794FFBC
:1062F00026208DF8000000208DF8010001208DF887
:1063000002008DF803006846FAF7B7F901940020FF
:10631000ADF80800ADF80A00ADF80C00ADF81000BB
:106320000C20ADF80E0001A99248FCF76CFB01228D
:1063300040F225518F48FCF7FEFB01218D48FCF708
:10634000EEFB06B010BD10B586B004460121082052
:10635000FBF71EFA01218804FBF727FA8648FCF7B1
:106360000FFB4FF48060ADF8140003208DF8160089
:1063700018208DF8170005A98148FAF74DFF4FF452
:106380000060ADF8140004208DF8170005A97C48C2
:10639000FAF742FF27208DF8000000208DF8010059
:1063A00001208DF802008DF803006846FAF765F9C0
:1063B00001940020ADF80800ADF80A00ADF80C001B
:1063C000ADF810000C20ADF80E0001A96A48FCF7EA
:1063D0001AFB012240F225516748FCF7ACFB012172
:1063E0006548FCF79CFB06B010BD0BE000BF5F49A1
:1063F000098801F040010029F9D001785B4A121D9B
:106400001180401C01780029F0D1704710B5044676
:106410000BE000BF5748008800F040000028F9D08A
:1064200020785449091D0880641C20780028F0D188
:10643000FCF72DFD10BD0BE000BF4F49098801F0AE
:1064400040010029F9D001784B4A121D1180401CEF
:1064500001780029F0D1704710B500204949C1F8F2
:1064600004014FF48071474800F027FBFCF70FFD53
:1064700010BD4449D1F80411FF2904D90021414A33
:10648000C2F804110AE03F49D1F80421D1F80411FF
:10649000491C3C4BC3F8041119468854704710B589
:1064A000C0B039A1394800F070FAD0B1C82200213B
:1064B0003648FEF74DFAC8244FF4FA60FFF723FE82
:1064C000224600216846FEF77DF931A000F004F96C
:1064D0006846FEF749FB20B1FEF732FD2DA000F023
:1064E000FBF840B010BD10B540F225511F48FCF735
:1064F00007FC1F490968884236D01C48FCF780FB1E
:10650000C4B22948008800F4004068BB26480088CF
:1065100000F4804070B10A2C03D00020224908808A
:1065200022E02148008840F400401F490880FFF71E
:10653000B6FF19E00D2C06D11B48008840F48040BE
:106540001949088010E018480088C0F30D000F4971
:106550000C5415480088401C1349088008460088E0
:10656000C72801DD0020088010BD00000038014070
:1065700098012242004400400048004000080140C9
:10658000000C0140A81A002024000000E01900209F
:106590000D0A0000466C6173682064617461205BC1
:1065A0004E4F5D0D0A000000640000203D49D1F807
:1065B0000411FF2904D900213A4AC2F804110AE063
:1065C0003849D1F80421D1F80411491C354BC3F8DE
:1065D000041119468854704710B540F225513248CD
:1065E000FCF78EFB01280BD12F48FCF709FBC4B246
:1065F0002046FFF7DBFF40F225512B48FCF7AAFBB2
:1066000008212948FCF766FB01280AD12648FCF737
:10661000F7FAC4B22046FFF7C9FF08212248FCF769
:1066200066FB10BD10B540F225512048FCF768FB11
:106630001F49096888420ED01C48FCF7E1FAC1B234
:106640001C48D0F80421D0F80401401C194BC3F8B1
:1066500004011846815410BD0246002002E00023C8
:106660001354401C8842FAD3704710B5044600BF4B
:1066700080211148FCF72EFB0D4909688842F7D0AC
:1066800021460D48FCF7B8FA10BD10B504465B2052
:10669000FFF7EBFF2046FFF7E8FF5D20FFF7E5FF80
:1066A00010BD0000B01B0020004400400048004026
:1066B00098012242B81C00200038014070470000B9
:1066C0000FB4044910B503AA029800F039FD10BCBC
:1066D0005DF814FB600000200FB4044910B503AA54
:1066E000029800F02DFD10BC5DF814FB6000002046
:1066F0000FB41CB5084B06AA7B4469460090059868
:1067000000F0EFFC04460020694600F0FDFC204646
:106710001CBC5DF814FB00000D0A000070B50C46AF
:106720000546012A05D02878800600D5EA690023AD
:1067300002E0012305E05B1C934202D2E05C0028EA
:10674000F9D1A869E618C01AA861286A1844286215
:10675000284600F00DFA04E0D5E9012114F8010BF8
:106760009047B442F8D3284600F018FA70BD0000F4
:106770002DE9F0410646002410687529314616A51A
:1067800010D000F01CFA002802DA404213A507E0FE
:1067900031688A0701D512A502E0490704D511A581
:1067A000012401E000F014FA00210A2206F1240776
:1067B00009E0B0FBF2FCB0FBF2F302FB1C0030304E
:1067C00078541846491C0028F3D123462A463046FF
:1067D000BDE8F04100F005BA000000002D00000007
:1067E0002B000000200000002DE9F05F89460446E0
:1067F0004FF0000ADFF874B1FB44C0F820A0204637
:10680000E1688847002874D0252806D0D4E9012102
:106810009047206A401C2062F1E700265F46204630
:10682000E16888472028054607DB312D05D2781915
:1068300010F8200C08B10643F1E7B00701D526F0A7
:106840000406C4F81CA00027C4F818A02A2D09D0FB
:10685000284601F0E6FB38B304EB8708303DC8F862
:10686000185019E059F8041B204604EB8702916187
:10687000E1688847012F054618D1E069002820DA31
:1068800026F020061DE0D8F8180000EB800005EB8C
:1068900040003038C8F818002046E16888470546AF
:1068A00001F0BFFB0028EED1012F0AD02E2D08D118
:1068B0002046E16888477F1C0546022F46F02006E7
:1068C000C4DBA069002803DA404246F00106A0615B
:1068D000F00701D026F010066C2D0BD0682D09D0E2
:1068E0004C2D39D06A2D35D0742D35D07A2D33D03A
:1068F00016E038E0E1682F4620468847B842054652
:1069000009D16C2F26D04FF48060E1680643204601
:106910008847054604E06C2F1AD04FF48070064378
:106920000DB3A5F14100192802D8203546F40066C0
:106930004A462946204626604E46F9F733FC80B188
:1069400001280BD0F61D26F0070000F1080956E7D4
:106950004020E4E78020D8E70020D6E706F10409CC
:106960004DE7284652E7206ABDE8F09F6E440000DC
:1069700070B5064600F0F8F80468054630460A226D
:10698000002100F00DFD2C6070BD30B505460B46B2
:106990002A4613F8014B12F8010B08B1A042F8D0B7
:1069A0001CB1002802D06D1CF1E7284630BD10B59F
:1069B000431C02E010F8011B71B18107FAD14FF0BE
:1069C000013202C88C1A8C4314EAC211F9D0C01AE1
:1069D0000A0603D0C01E10BDC01A10BD0A0401D0A3
:1069E000801E10BD0902FCD0401E10BD032A40F2DB
:1069F000308010F0030C00F0158011F8013BBCF161
:106A0000020F624498BF11F801CB00F8013B38BF78
:106A100011F8013BA2F1040298BF00F801CB38BF86
:106A200000F8013B11F0030300F0F284083AC0F0D3
:106A3000088051F8043B083A51F804CBA0E808104C
:106A4000F5E7121D5CBF51F8043B40F8043BAFF37F
:106A50000080D20724BF11F8013B11F801CB48BFD9
:106A600011F8012B24BF00F8013B00F801CB48BF0F
:106A700000F8012B70474FF000020429C0F012808B
:106A800010F0030C00F01B80CCF1040CBCF1020FE1
:106A900018BF00F8012BA8BF20F8022BA1EB0C01B6
:106AA00000F00DB85FEAC17C24BF00F8012B00F8AC
:106AB000012B48BF00F8012B70474FF0000200B5D2
:106AC000134694469646203922BFA0E80C50A0E811
:106AD0000C50B1F12001BFF4F7AF090728BFA0E8BF
:106AE0000C5048BF0CC05DF804EB890028BF40F88B
:106AF000042B08BF704748BF20F8022B11F0804FCD
:106B000018BF00F8012B704710B5044610F0030FB2
:106B100008BF11F0030F40F015804FF0013E121F27
:106B2000C0F20E8051F8043BA3EB0E0C2CEA030CD0
:106B30001CEACE1C08BF40F8043BF0D0A1F10401D0
:106B400002F10402521E08DB11F8013B002B00F891
:106B5000013BF7D11146FFF78EFF204610BD70476D
:106B6000704770477047000000487047C01D002004
:106B700070B5044685690068C10601D5302600E07D
:106B80002026C00707D070BDD4E9012130469047C8
:106B9000206A401C20626D1EF6D570BD70B504469B
:106BA00085690078C00707D170BDD4E90121202094
:106BB0009047206A401C20626D1EF6D570BD0968A2
:106BC0004A0501D540B27047C905FCD500B27047EF
:106BD00009684A0501D5C0B27047C905FCD580B225
:106BE00070472DE9F0470D4699469246044600F15C
:106BF00024080168880604D5E06921F010012160AD
:106C000000E00120A84201DD471B00E00027A16948
:106C10007A1902EB0900081AA0612078C00602D494
:106C20002046FFF7A5FF002608E0D4E901211AF865
:106C300006009047206A401C761C20624E45F4DB1B
:106C40002078C0060AD52046FFF792FF06E0D4E977
:106C5000012130209047206A401C2062381EA7F195
:106C60000107F4DC07E0D4E9012118F8050090479A
:106C7000206A401C2062281EA5F10105F3DC204695
:106C8000FFF78CFF2078000602D50220BDE8F087D0
:106C90000120FBE711680268006A530501D50870FE
:106CA0000AE0D30501D5088006E0130603D5C21714
:106CB000C1E9000200E008600120704770472DE93B
:106CC000FF4F0C461E464FF0FF378BB0D2E9000154
:106CD000DDF860800A908A46C1F30A5505B93D4641
:106CE000002108464FF00000BAF1000F00F4400008
:106CF00005DA00EB80004FF4400101EA50004FEA52
:106D00009059B9F1010F00DDB9460A9850EA4A00DE
:106D10000ED044F61050A5F2FF3545432F14B8F1BC
:106D2000000F1ED07542291E1EDDC9F100021CE0B5
:106D3000B8F1010F4FF0000001D0302103E0F24321
:106D400005E02154401CB042FBDB3046002200210C
:106D500021540B99C1F80880C1E900200FB0BDE8AB
:106D6000F08FBD1B6D1CDEE74A4600DA694206A8BB
:106D700000F07CFC06AB93E8070003AB83E8070058
:106D800050460A9900F07EFD8DE80700A0F50050FE
:106D90001F3800900398002D09DD42F21F014A467A
:106DA000084403A90390684600F0DDFF08E0A0F561
:106DB00000504A461F3803A90390684600F0E7FFD9
:106DC0008DE807000004000C03D04FF0FF304108AD
:106DD00000E01046B8F1000F03D0002200921546E3
:106DE0001EE0751E05D400F055FB303262556D1E55
:106DF000F9D5B3460122084302D000227F1C04E0EB
:106E00002078302801D100227F1E002A099786D0E1
:106E10001DE0112D07DA00F03DFB303262556D1C8C
:106E200050EA0102F5D1084302D00098C8B10EE043
:106E30000021681E05E0235C625C63542254401EFE
:106E4000491C8142F7DBAB46A81B401E099000207D
:106E500004F80B000B98099AC0F80880C0E9002BD1
:106E60007CE711264FF0000859E72DE9F04F8846DE
:106E70000446D21D22F0070191B0D1E90001CDE90D
:106E80000A0101F0BAF802460B98C00F01D02D207C
:106E900007E02068810701D52B2002E0202101EACC
:106EA000C000032A099001D0072A05DB03464146AA
:106EB000204600F035FB0BE12078800601D5E06923
:106EC00000E00620B8F1650F814606D0B8F1660FE4
:106ED00018D0B8F1670F70D131E00020B9F1110F6F
:106EE000009001DB112301E009F101030AAA01A9C5
:106EF0000CA8FFF7E4FEDDE90C70002609F101059E
:106F0000834647E001204B4600904FF000470AAA15
:106F100001A90CA8FFF7D3FEDDE90DB00C995D4681
:106F2000002610B909F101000D18B9EB050003D4D2
:106F3000C0F1FF3609F10105A5EB09002BE0B9F11D
:106F4000010F01DA4FF001090020B9F1110F009093
:106F5000484601DD112300E003460AAA01A90CA856
:106F6000FFF7ADFEDDE90C704D4600268346207824
:106F700000070AD4AB4500DA5D4601A8012D04DD07
:106F8000411911F8011C302907D04F4502DA17F1D9
:106F9000040F04DA012082460FE06D1EEEE7002F99
:106FA00002DCED1B3E4403E0781CA84200DD7D1CA2
:106FB000B81B00F1010A4FF000472078000703D406
:106FC000AA4501DB4FF0FF3A0021B7F1004F0DF168
:106FD00043088DF8431024D002202B23002F01DA20
:106FE0007F422D230A21021EA0F1010000DC5FB1C7
:106FF00097FBF1FC97FBF1F201FB1C7C17460CF1AF
:10700000300C08F801CDEEE7A8F1010003702188EB
:10701000090501D5452100E06521A0F1010800F82E
:10702000011C09980FA9A1EB0807FF1D00B1012061
:10703000411901EBEA70A1693844081A401EA061A9
:107040002078C00602D42046FFF792FD099828B1A7
:10705000D4E901219047206A401C20622078C006B4
:1070600022D52046FFF784FD1EE0002E04DBB34549
:1070700002DD01A8805D00E03020D4E901219047C5
:10708000206A401C2062761CAAF101005FEA000A17
:107090000AD100F0FBF9C0680168405CD4E9012125
:1070A0009047206A401C2062281EA5F10105DCDC07
:1070B00007E0D4E9012118F8010B9047206A401C31
:1070C0002062381EA7F10107F3DC2046FFF766FDBA
:1070D000032011B043E6000001694A1C02610878F0
:1070E000704700B58FB0CDE9013100210591054908
:1070F0007944CDE9031011466846FFF775FB0FB0E0
:1071000000BD0000E5FFFFFF0A6802F8010B0A60FE
:10711000704710B5436913B1AFF3008001E0FFF78A
:10712000FDFA012010BD127800F124010A7000223E
:107130004A700122EDE711684FF0FF32E9E70000E5
:10714000074B70B50D467B44FFF7CBFF044628463E
:1071500000F0FAFA10B14FF0FF3070BD204670BD5C
:1071600029F0FFFF2DE9FF5F15468A460446DFF848
:10717000AC80F8440027D8E900103E46CDE9001065
:1071800010E03AF816106A4602A800F0E1FA411C35
:1071900007D02178890603D5E269391891420DD8C4
:1071A0000744761C2078800602D5E069B84205DDE8
:1071B000AE42E6DB3AF816000028E2D1A069C01B17
:1071C000A0612046FFF7D4FCD8E90010CDE90010FB
:1071D000002017E03AF818106A4602A800F0B8FA42
:1071E000B0F1FF3F81460BD000250DF1080B05E003
:1071F000D4E901211BF8050090476D1C4D45F7D3DC
:1072000008F10100B0428046E4DB206A3844206285
:107210002046FFF7C3FCBDE8FF9F0000063B0000CF
:107220002DE9F0418046D21D22F007020025D2E967
:107230000002F52915A614D0011E72F1000106DA2C
:107240000023D0EB030063EB020211A608E0D8F89C
:1072500000108B0701D50FA602E0490701D50EA645
:1072600001251146002408F1240704E000F012F97A
:1072700030323A55641C50EA0102F7D12B463246AF
:1072800021464046BDE8F041FFF7ABBC00000000DE
:107290002D0000002B0000002000000030B4002171
:1072A00000F1240408E002F00705D208303542EA74
:1072B0004372DB086554491C52EA0305F3D10468A4
:1072C000002310A2250708D504F020040C4304D0A5
:1072D000C46901230CA2641EC46130BCFFF781BCE9
:1072E00010B5044621461068FFF772FC024620469E
:1072F000BDE810400023D1E7D21D22F00701D1E9FB
:107300000023CBE70000000030000000F0B40D4681
:107310000188090502D5214C7C4402E01F4C7C44C5
:107320000E34002100F1240608E002F00F071209D4
:10733000E75D42EA03721B097754491C52EA0307CE
:10734000F3D102780023120704D5702D06D009B1BD
:10735000022311342246F0BCFFF743BC0123103452
:10736000F8E770B504460D4621461068FFF730FC7B
:10737000024629462046BDE870400023C6E7D21DDC
:1073800022F00703D3E90023C0E70368126843F043
:10739000200303600823C3610023B7E768390000B6
:1073A0002DE9F04791460F4680460446002614F822
:1073B000015B2DB100F062F80068405DC007F6D1B6
:1073C0002B2D02D02D2D18D0641E4A46394620465A
:1073D00000F0FCF827B13968A14201D1C7F800805C
:1073E0004FF0020471050BD54042002803DDFFF782
:1073F000BBFB0460A007BDE8F08746F48066E4E7C5
:107400000028F8DAFFF7B0FB04606FF00040F2E705
:1074100010B5203AC0F00B80B1E81850203AA0E82F
:107420001850B1E81850A0E81850BFF4F5AF5FEA63
:10743000027C24BFB1E81850A0E8185044BF18C916
:1074400018C0BDE810405FEA827C24BF51F8043BBD
:1074500040F8043B08BF7047D20728BF31F8023B11
:1074600048BF11F8012B28BF20F8023B48BF00F8A5
:10747000012B704700487047C01D002010B500F078
:1074800005F8001D10BD00BFD50B00000048704777
:10749000E01D002030B5B0F10A024FEA900E71F104
:1074A00000034EEA817EB0EB0E0061EB91014FEAE2
:1074B000101E4EEA017E10EB0E0041EB11114FEA57
:1074C000102E4EEA016E10EB0E0041EB11214FEA37
:1074D000104E4EEA014E10EB0E0041EB11414018E8
:1074E00041F100014FEAD00040EA41704FEAD1017A
:1074F00010EB80054FEA810444EA907444EB0104E8
:107500006D1944EB0404521BA3414FF0000348BF24
:107510000A3200D530BD401C41F1000130BD0000F1
:107520002DE9F0411F46044603260168072A01F4AD
:10753000006004DB08B116A505E016A503E008B15C
:1075400015A500E015A521F010002060A069C01E5F
:10755000A0610FB1401EA0612046FFF709FB4FB1AB
:10756000D4E9012138469047206A401C2062C01CA3
:10757000206206E0206AFAE7D4E9012115F8010B40
:107580009047761EF8D22046FFF708FBBDE8F08151
:107590004E414E006E616E00494E4600696E6600B7
:1075A00010B5436913B1AFF3008001E0FFF7DAFDD6
:1075B000012010BD128800F1240182840022C284BF
:1075C0000122EDE711684FF0FF32E9E72DE9F05FA6
:1075D000824615468B4600270AF10104B946007819
:1075E000302801D09DB113E014F8010B0127782851
:1075F00003D0582801D045B10AE00DB1102D07D1B4
:10760000002714F8010B102502E0082500E00A25E8
:107610000026B0460EE005FB080005FB06F1012739
:107620001FFA80F801EB1046B6F5803F00D3B9464B
:1076300014F8010B294600F0D0F80028EBDABBF172
:10764000000F05D00FB1641E00E05446CBF8004097
:10765000B9F1000F06D0FFF787FA02210160C81EBA
:10766000BDE8F09F48EA0640FAE700002DE9F04740
:10767000814616468AB0334878440DC88DE80D001F
:1076800030487844801C03AC0DC884E80D0041F6F6
:107690009B300844372190FBF1F290FBF1F5A5F106
:1076A000800501FB12041B3C02D56442012000E06E
:1076B0000020DFF890A080460027FA44AAF1BE0A15
:1076C0000DE0E00709D03246684607EB47010AEBB8
:1076D000810100F05CFB8DE8070064107F1C002C2A
:1076E000EFD1184F7F44AC3F18E0E80714D007EB08
:1076F00004100DF1180A90E80E008AE80E00C06828
:10770000F04201D198190890324606A903A800F06A
:107710003EFB03AB83E807006D10641C002DE4D131
:1077200032466946B8F1000F03A802D000F01BFBF7
:1077300001E000F02CFBC9E90001C9F808200AB0FB
:10774000BDE8F087AC360000007B00F08000704799
:1077500070B516460C460546FFF790FE036893F891
:107760000101012806D0FF2C0FD8185D68B1012057
:107770002C7070BDD3F807013246214603F207137F
:1077800003442846BDE8704018474FF0FF3070BDF5
:107790007546FFF76FFEAE4605006946534620F07A
:1077A0000700854618B020B5FBF7FCFABDE820407D
:1077B0004FF000064FF000074FF000084FF0000BAD
:1077C00021F00701AC46ACE8C009ACE8C009ACE860
:1077D000C009ACE8C0098D4670473A2800D230385D
:1077E00020F02002412A01D3A2F13700884201D3C0
:1077F0004FF0FF3070470446AFF300802046F8F7A3
:1078000034FD00004FF0013C50F8042B51F8043BCC
:107810009A4221D1A2EB0C03934313EACC1317D164
:1078200050F8042B51F8043B9A4215D1A2EB0C03FB
:10783000934313EACC130BD150F8042B51F8043BBB
:107840009A4209D1A2EB0C03934313EACC13DBD089
:107850004FF00000704700BFD01A01BAB1FA81F1B1
:1078600001F0180122FA01F0CB40C1F12001DBB296
:10787000C0B2C01A2CFA01F3D11A914311EAC31114
:10788000E6D170475FEA400C08BF91F0000F4FEA65
:107890008C234FEAC12243EA51514FEA1C5018BFD2
:1078A00000F5F0404FEA300018BF41F000415FEAB8
:1078B0006C5C00F02980BCF1FF3F08BF40F08040C5
:1078C0007047130C06BF12044FF0100C4FF0000C61
:1078D000130E04BF12020CF1080C130F04BF1201A7
:1078E0000CF1040C930F04BF92000CF1020CD30FA7
:1078F00004BF52000CF1010C11464FF00002A0F140
:107900001F00A0EB0C00704711F0004F08BF70473C
:1079100031F000413FF4D5AF0B0C06BF09044FF026
:10792000100C4FF0000C0B0E04BF09020CF1080CF8
:107930000B0F04BF09010CF1040C8B0F04BF89006D
:107940000CF1020CCB0F04BF49000CF1010CCCF17F
:107950002003A0EB0C0022FA03F302FA0CF241EA36
:10796000030100F10100704720F07F4C80EA030022
:1079700023F07F47ACEB070303F57C5300F0004096
:1079800003F1FF032DE980494FEA154B09B44FEA93
:10799000144325EA0B4E24EA03480FF2042606EBB3
:1079A000132749083E785FEA320203FB0667C7F5F2
:1079B000000707FB06F64FEA54374FEAD64606F1B2
:1079C000020607FB066CCCF1005C4FEA1C472CEA70
:1079D000074C07FB06F40CFB06F504EB15464FEAD3
:1079E000961634BF00204FF000404FEAD13706FB17
:1079F00007FC4FEA1C4C0CFB0BF7D21B03FB0CF7EC
:107A000061EB07010CFB0EF7B0EB074072EB17427E
:107A10000CFB08F734BFA2EB0742B2EB074261EB65
:107A200017414FEA0C444FEA910706FB07FC4FEA67
:107A30001C4C0CFB0BF7B0EBC74072EB573203FB4F
:107A40000CF734BFA2EBC742B2EBC74261EB573130
:107A50000CFB0EF7B0EBC70072EB57720CFB08F78C
:107A600034BFA2EBC702B2EBC70261EB5771039FB1
:107A70004FEA816141EA921104EBCC044FEAD1371D
:107A80004FEA826206FB07FC42EA90124FEA8060EE
:107A90004FEA1C4C0CFB0BF7D21B03FB0CF761EB02
:107AA00007010CFB0EF7B0EB074072EB17420CFB23
:107AB00008F734BFA2EB0742B2EB074261EB174174
:107AC0004FEA8C554FEA910704EB9C2406FB07FC18
:107AD0004FEA1C4C0CFB0BF7B0EBC74072EB573274
:107AE00003FB0CF734BFA2EBC742B2EBC74261EB1A
:107AF00057310CFB0EF7B0EBC70072EB57720CFB63
:107B000008F734BFA2EBC702B2EBC70261EB5771B3
:107B100015EB4C254FEA816141EA92114FEA8262EE
:107B20004FEAD13742EA901206FB07FC44F1000409
:107B30004FEA80604FEA1C4C0CFB0BF7D21B03FB97
:107B40000CF761EB07010CFB0EF7B0EB074072EB93
:107B500017420CFB08F734BFA2EB0742B2EB074217
:107B600061EB174115EB1C154FEA813141EA924157
:107B70004FEA823242EA90424FEA80304FEA0C7676
:107B800044F1000448EA03434EEA0B484FF0000E6C
:107B9000B2EB080C71EB030724BF624639464EEB8B
:107BA0000E0E4FF0000B0018524149414BEB0B0BEE
:107BB000B2EB080C71EB03077BF1000B24BF6246AC
:107BC00039464EEB0E0E4FF0000B00185241494162
:107BD0004BEB0B0BB2EB080C71EB03077BF1000BCB
:107BE00024BF624639464EEB0E0E51EA020718BF1B
:107BF00046F0010616EB0E7655F1000254F1000135
:107C000003D5BDE88901BDE80088BDE88901BDE86C
:107C10000048B619524141EB0101A3F1010370473D
:107C200080807F7E7D7C7B7A7978777676757473B9
:107C3000727171706F6E6E6D6C6C6B6A6A69686878
:107C4000676666656464636362616160605F5F5E0E
:107C50005E5D5D5C5C5B5B5A5A5959585857575684
:107C600056555555545453535252525151505050E9
:107C70004F4F4F4E4E4D4D4D4C4C4C4B4B4B4A4A3B
:107C80004A4949494848484747474746464645457F
:107C900045444444444343434342424242414141B8
:107CA000002B26D4770021D01CB54FEA370703B448
:107CB0004FF010004FF010014FF000000FBCBDE876
:107CC00010400BF1010BBBF1010F08BF5FEA170772
:107CD00022BF12F1010211F101014FF0004143F105
:107CE000000300F0004043EA00007047F9D3570852
:107CF000DAE746EA064613F1400F4FEA16461FDD63
:107D000013F1200FDFBF16430A46002120335B42E8
:107D1000C8D0C3F1200746EA064602FA07F74FEA41
:107D2000164646EA0706C3F1200722FA03F201FAD3
:107D300007F721FA03F14FF0000342EA0702B1E727
:107D400046EA020646EA06464FEA164646EA0106B3
:107D5000BCBF46EA0646360C4FF000034FF0000267
:107D60004FF000019EE72DE9C048934630B491E8FA
:107D7000380007C831EA400C48BF34EA430C03D549
:107D8000FFF7F2FDFFF78CFFF0BCBDE800882DE99E
:107D9000C048934630B491E8380007C810F0804FCF
:107DA00008BF13F0804F03D100F005F8FFF778FF0C
:107DB000F0BCBDE8008820F07F4780EA030023F094
:107DC0007F4C07EB0C03A3F57C5300F00040A3F1BC
:107DD000FE0392F0000F00F0B38095F0000F00F06A
:107DE00077802DE901494FEA11404FEA144621EA14
:107DF000004800FB06FC24EA064708FB06F607FBE2
:107E000008F800FB07F718EB06484CEB164C4FEA56
:107E1000124B18EB07484FEA15464CEB174022EA85
:107E20000B4E0BFB06FC25EA06470EFB06F607FB8E
:107E30000EFE0BFB07F71EEB064E4CEB164C4FF0FD
:107E400000061EEB074E4CEB174B18EB0B0840F1EE
:107E5000000018EB0E0B58EB000840F100008F1AE1
:107E60004FF000013CBFC943661B14BFB5EB040CC7
:107E700000213CBFC943F61B4FEA17444EEA8E0E61
:107E800027EA04454FEA1C4704FB07622CEA074C2B
:107E900005FB07F70CFB05F604FB0CFC16EB07468D
:107EA00042EB174216EB0C4642EB1C421BEB06065C
:107EB00058EB0202414146EA9E0601D5BDE8018920
:107EC000B619524141EB0101A3F10103BDE801895B
:107ED0004FEA14454FEA114724EA054621EA074CC8
:107EE00005FB07F406FB07F70CFB06F105FB0CFC92
:107EF00011EB074144EB17444FEA124711EB0C41D9
:107F000044EB1C4422EA074C05FB07F206FB07F78B
:107F10000CFB06F605FB0CFC16EB074642EB174282
:107F200016EB0C4642EB1C456A1854F1000148BFA1
:107F30007047B619524141EB0101A3F101037047AB
:107F400095F0000F37D04FEA11424FEA144721EA6B
:107F5000024624EA074C02FB07F106FB07F70CFB7D
:107F600006F402FB0CFC14EB074441EB17414FEA0B
:107F7000154714EB0C4441EB1C4125EA074C02FB6E
:107F800007F506FB07F70CFB06F602FB0CFC16EBED
:107F9000074645EB174516EB0C4645EB1C421219FC
:107FA00051F1000148BF7047B619524141EB010140
:107FB000A3F1010370474FEA14454FEA114724EA41
:107FC000054621EA074C05FB07F106FB07F70CFB0A
:107FD00006F24FF0000605FB0CFC12EB074241EBEA
:107FE000174112EB0C4251EB1C4148BF70479218ED
:107FF00041EB0101A3F101037047490050EAC120A0
:1080000018BF04204A0D18BF40F0010040F2FF7273
:10801000B2EB515F08BF40F00200012808BF052005
:10802000704730380A2801D201207047002070477D
:1080300010B500290AD00878002807D005487844F0
:10804000FFF7E0FB002801D0002010BD0248784473
:1080500010BD0000D62D0000CE2D000010B5002967
:108060000AD00878002807D005487844FFF7CAFBF3
:10807000002801D0002010BD0248784410BD000047
:10808000C62D0000BE2D00000808A0F500114FEA23
:108090003101704743004FEAD30C4FEA3C0C434098
:1080A0001FBF40070CF1605113F0FE4F70471CF0EA
:1080B000006F03D100200CF0004170470CF000432A
:1080C00043EA507010B540EACC0000F0E0F900BF80
:1080D000000000924FEA0001FFF7D6BF4FF00041C9
:1080E0004FF00000A1F500217047000090EA010F59
:1080F00048BF81F0004100F11C82421A3CBF801A47
:1081000089184FEAD0524FF07F4C1CEA410FA2EB86
:10811000D15318BF9CEA026F00F03B804FF0004C37
:108120004CEA00204CEA012121FA03FC10EB0C0C74
:108130001ED202F1FF325FEA1C2040EBC25038BF72
:1081400070471CF07F0F4FEA400C18BFBCF17F4F07
:1081500038BF7047C3F12003994008BF20F00100E9
:10816000BCF17F4F38BF7047A0F1C04000F0D5B9D7
:108170004FEA3C00000A40EBC25028BF1CF0FF0F42
:108180004FEA400CE6D018BFBCF17F4F38BF7047B4
:10819000EAE79CEA026F05D010EA5C0F08BF00F026
:1081A0000040704710B500F072F900BF64FBBE3E9E
:1081B0004FF47F0C1CEAD0121EBF1CEAD11392EAC6
:1081C0000C0F93EA0C0F00F0858090EA010F48BF76
:1081D00042F4807240F4000C41F400002CF07F4126
:1081E00020F07F4000B58142A2EB03020FF2081C91
:1081F000ACEB504EC0F100009EF800E04FEA4E0E8E
:1082000000FB0EFC38BF49004FEA2C1C02F5FA02B5
:108210000CFB0EF34FEACE1E4FEA112C4FEAC121A0
:108220000EEB635E42EB22420EFB0CFC4FEA1C534A
:1082300000FB03114FEA112C4FEA01310EFB0CFC3D
:108240004FEADC4C00FB0C11C14228BF09184CEB73
:1082500003335DF804EB10EB410143EBC250B2F580
:108260007C0F38BF704729D512F0F00F1CBF00F10A
:10827000C04000F00040704700818283848586877B
:1082800088898B8C8D8E8F919293959697999A9CD5
:108290009D9FA0A2A3A5A7A8AAACAEB0B2B3B5B744
:1082A000B9BCBEC0C2C5C7C9CCCED1D4D7D9DCDF1A
:1082B000E2E6E9ECF0F3F7FAFE0000004FEA400CCA
:1082C0000CF1807CBCF17E4F28BF7047B0F1C040FC
:1082D00000F023B990EA010F0CEAD11348BF42F431
:1082E0008072624538BF634507D213F47F0F16D002
:1082F00080EA010000F00040704710B500F0C7F8B8
:10830000097EFC3E00F005B880EA010000F0004064
:10831000704780EA010000F0004000F0FEB812F45F
:108320007F0F04BF0248704780EA010000F0F5B8F3
:108330000000C07F10F0004148BF4042B0FA80F317
:1083400010FA03F2C3F19D030BD051EAC35101EBC4
:108350001220530638BF704700F1010008BF20F01B
:1083600001007047B0FA80F310FA03F2C3F19D03E5
:108370000AD0D90501EB1220530638BF704700F12F
:10838000010008BF20F00100704700004FF47F0C8F
:108390001CEAD0121EBF1CEAD11392EA0C0F93EA1A
:1083A0000C0F00F0478090EA010F48BF42F4807242
:1083B0004FF0004C4CEA00204CEA012102EB030292
:1083C000A0FB0113A2F50002002918BF43F001032E
:1083D0005B0028BF4FEA330342EB22425FEA132CD3
:1083E0004CEBC2502EBFBCEB436FB2F57C0F704715
:1083F0004FEA036CBCF1004F08BF20F00100B2F55A
:108400007C0F38BF70470BD582F0FF0212F5803F1A
:10841000C8BF704700F1C040D8BF00F000407047AF
:1084200000F5000C5FEA4C0C48BF7047B0F1C0404B
:1084300000F073B890EA010F0CEAD11348BF42F480
:108440008072624538BF634504D280EA010000F0C3
:108450000040704710B500F01AF800BF8900013ED7
:1084600000F007B800F009B85FEA410C5FEA1C6C45
:1084700008D080EA010000F050B85FEA400C5FEAE3
:108480001C6CF6D14FF00040A0F5800070470EF153
:10849000020E2EF0030E5EF8044B244204D44FEA81
:1084A0004102B2F17F4F11D84FEA4003B3F17F4F41
:1084B0000CD80ED14FEAD07CB2F17F4F0CEB4C0CB4
:1084C0000CF1020C08BF4CEBD17C04E04FF0080C1F
:1084D00001E04FEAD17C0CEB4C0324FA03F404F0E6
:1084E0000704B4F1040C06D20EEB840CBDE8104076
:1084F0004CF0010C6047DFE80CF0070802024FF077
:108500000040A0F5800010BD0846420018BFD2F11F
:10851000807288BF00F0004010BDFF2141EAD050BA
:10852000C005704790EA010F48BF81F000413FF558
:10853000E4AD421A04D882F00042A0EB02001144DC
:108540004FEAD0524FF07F4C1CEA410FA2EBD153BF
:1085500018BF9CEA026F4AD04FF0004C4CEA002052
:108560004CEA012121FA03FCB0EB0C0C0FD412F001
:10857000FE0F36D05FEA4C001DD5001240EBC25012
:1085800038BF70471CF03F0F18BF70470BE0A2F1D7
:1085900001025FEA1C2040EBC25038BF70471CF05C
:1085A0007F0F18BF7047C3F12003994014BF401ECE
:1085B00020F00100704780084FEA122308BF70477F
:1085C000B0FA80FCA2EB0C02CCF1280C60FA0CF0A3
:1085D00093EA122F04BF00EBC25070474FEAC370FA
:1085E0007047130A5FEADC1008BF7047F6E79CEAA1
:1085F000026F04D010EA5C0F08BF0020704710B56E
:10860000FFF745FF40DFF63E81F000407047FEF780
:108610002CBCFFFFFFFFFFFFFFFFFFFFFFFFFFFF80
:10862000FFFFFFFFFFFFFFFFFFFFFFFFFFFFFFFF5A
:10863000FFFFFFFFFFFFFFFFFFFFFFFFFFFFFFFF4A
:10864000FFFFFFFFFFFFFFFFFFFFFFFFFFFFFFFF3A
:10865000FFFFFFFFFFFFFFFFFFFFFFFFFFFFFFFF2A
:10866000FFFFFFFFFFFFFFFFFFFFFFFFFFFFFFFF1A
:10867000FFFFFFFFFFFFFFFFFFFFFFFFFFFFFFFF0A
:10868000FFFFFFFFFFFFFFFFFFFFFFFFFFFFFFFFFA
:10869000FFFFFFFFFFFFFFFFFFFFFFFFFFFFFFFFEA
:1086A000FFFFFFFFFFFFFFFFFFFFFFFFFFFFFFFFDA
:1086B000FFFFFFFFFFFFFFFFFFFFFFFFFFFFFFFFCA
:1086C000FFFFFFFFFFFFFFFFFFFFFFFFFFFFFFFFBA
:1086D000FFFFFFFFFFFFFFFFFFFFFFFFFFFFFFFFAA
:1086E000FFFFFFFFFFFFFFFFFFFFFFFFFFFFFFFF9A
:1086F000FFFFFFFFFFFFFFFFFFFFFFFFFFFFFFFF8A
:10870000FFFFFFFFFFFFFFFFFFFFFFFFFFFFFFFF79
:10871000FFFFFFFFFFFFFFFFFFFFFFFFFFFFFFFF69
:10872000FFFFFFFFFFFFFFFFFFFFFFFFFFFFFFFF59
:10873000FFFFFFFFFFFFFFFFFFFFFFFFFFFFFFFF49
:10874000FFFFFFFFFFFFFFFFFFFFFFFFFFFFFFFF39
:10875000FFFFFFFFFFFFFFFFFFFFFFFFFFFFFFFF29
:10876000FFFFFFFFFFFFFFFFFFFFFFFFFFFFFFFF19
:10877000FFFFFFFFFFFFFFFFFFFFFFFFFFFFFFFF09
:10878000FFFFFFFFFFFFFFFFFFFFFFFFFFFFFFFFF9
:10879000FFFFFFFFFFFFFFFFFFFFFFFFFFFFFFFFE9
:1087A000FFFFFFFFFFFFFFFFFFFFFFFFFFFFFFFFD9
:1087B000FFFFFFFFFFFFFFFFFFFFFFFFFFFFFFFFC9
:1087C000FFFFFFFFFFFFFFFFFFFFFFFFFFFFFFFFB9
:1087D000FFFFFFFFFFFFFFFFFFFFFFFFFFFFFFFFA9
:1087E000FFFFFFFFFFFFFFFFFFFFFFFFFFFFFFFF99
:1087F000FFFFFFFFFFFFFFFFFFFFFFFFFFFFFFFF89
:10880000FFFFFFFFFFFFFFFFFFFFFFFFFFFFFFFF78
:10881000FFFFFFFFFFFFFFFFFFFFFFFFFFFFFFFF68
:10882000FFFFFFFFFFFFFFFFFFFFFFFFFFFFFFFF58
:10883000FFFFFFFFFFFFFFFFFFFFFFFFFFFFFFFF48
:10884000FFFFFFFFFFFFFFFFFFFFFFFFFFFFFFFF38
:10885000FFFFFFFFFFFFFFFFFFFFFFFFFFFFFFFF28
:10886000FFFFFFFFFFFFFFFF98C62B547CE7FFFFD2
:10887000FFFFFFFFFFFFFFFFFFFFFFFFFFFFFFFF08
:10888000FFFFFFFFFFFFFFFFFFFFFFFFFFFFFFFFF8
:10889000FFFFFFFFFFFFFFFFFFFFFFFFFFFFFFFFE8
:1088A000FFFFFFFFFFFFFFFFFFFFFFFFFFFFFFFFD8
:1088B000FFFFFFFFFFFF78BE640BC203851B7BE752
:1088C000FFFFDFFFFFFFFFFFFFFFFFFFFFFFFFFFD8
:1088D000FFFFFFFFFFFFFFFFFFFFFFFFFFFFFFFFA8
:1088E000FFFFFFFFFFFFFFFFFFFFFFFFFFFFFFFF98
:1088F000FFFFFFFFFFFFFFFFFFFFFFFFFFFFFFFF88
:10890000FFFFFFFF77B6630BE303E303C303851B9E
:108910007CE7FFFFDFFFFFFFFFFFFFFFFFFFDFFF42
:10892000FFFFFFFFFFFFFFFFFFFFFFFFFFFFFFFF57
:10893000FFFFFFFFFFFFFFFFFFFFFFFFFFFFFFFF47
:10894000FFFFFFFFFFFFFFFFFFFFFFFFFFFFFFFF37
:10895000FFFF97BE830B03040304E2030304C20B6F
:10896000851B7CE7FFFFFFFFFFFFFACE0A44C833F9
:108970009295FFFFFFFFFFFFFFFFFFFFFFFFFFFFDE
:10898000FFFFFFFFFFFFFFFFFFFFFFFFFFFFFFFFF7
:10899000FFFF98BE0C44CB4377B6DFFFFFFFDFFF3E
:1089A000B8C662030204C30BE303E303E303E30378
:1089B000E203440B9CEFFFFFFFFFBEEF030B850BB1
:1089C000A40345139DEFDFFFFFFFFFFFFFFFFFFF46
:1089D000FFFFFFFFFFFFFFFFFFFFFFFFFFFFFFFFA7
:1089E000AA3B6603870B4803959DFFFFFFF7FFFF38
:1089F0006513E2030304E203E303E303E303E30396
:108A00000304C2038C4CFFFFFEFFFFFF9DEF260B0C
:108A1000A603A70306139DEFFFFFFFFFFFFFFFFF66
:108A2000FFFFFFFFFFFFFFFFFFFFFFFFDFFFCA3B6F
:108A30006603880B080B7595FFFFFFFFFFFFFFFF25
:108A400015AE820BE303E30BE303E303E303E3036A
:108A5000E20364131ADFFFFFDFFFFFFFFFFF7CE786
:108A6000491B680B6803E70A7DEFFFFFFFFFFFFF6D
:108A7000FFFFFFFFFFFFFFFFFFFFDFFFCB3B4703D2
:108A8000690B29037595FFFFFFFFDCD65AB6FFFF80
:108A9000FFFFF49D8303E303E303E303E303E30343
:108AA0006413F9CEFFFFFFFFFAA57EE7FFFFFFFF8C
:108AB0005CDF2A1B4B0B4B0BC9129EEFFFFFFFFF26
:108AC000FFFFFFFFFFFFDFFFFFFFAB3B6703690B0C
:108AD000090B7595FFFFFFFF7BC6510A720AD67C12
:108AE000FFFFFFFFF49DA203E2030304E30B840BEB
:108AF000F9CEFFFFDFFF934B720A701A7EE7FFFF8C
:108B0000FFFF3CDF2B1B2C0B2B0BCA127DE7FFFF5B
:108B1000FFFFFFFFFFFFFFFF8B33480349030A0BF3
:108B20007595FFFFFFFF3ABE7112D40AB412720AA4
:108B3000D67CFFFFFFFF15A6630BE203840BFAD67A
:108B4000FFFFFFFF934BB40AB412B50A91223EE730
:108B5000FFFFDFFF3CDF0B1B2E0B0C0BEC1A7DE73E
:108B6000DFFFFFFFFFFFCC3B49036B0B0A0B959523
:108B7000FFFFFFFF3AB67212B412B40AB40AB4127D
:108B80007312D684FFFFFFFF55AE65233BD7FFFF6F
:108B9000FFFF934B930AB40AB40AB412B30AB1228A
:108BA0003DE7FFFFFFFF5DE7AB0A2D0B0E0B6E33BA
:108BB000FFFFFFFFF6A5490B4A0B2B039695FFFF1E
:108BC000FFFF3ABE910AB412D40AB412B412B40A26
:108BD000B40A730AD684FFFFFFFFFFFFFFFFFFFF0A
:108BE0009343940AB40AB40AB50AD512B40AB30A74
:108BF00091225EE7FFFFFFFF5EEFED02EE12ED0A4E
:108C00007AC6FFFF2E4C2B032B0BEB12FFFFFFFF4F
:108C10007EEF2F12940AB40AB40AB40AB40AB40A52
:108C2000B40AB512720A7CCEFFFFFFFFFFFFB574D6
:108C30007212B40A9312B40AB40AB40AB40AB4128F
:108C4000940A902AFFFFFFFFFFFF8D12EF0AEE123A
:108C5000979DFFFFEE434C032C0BEB1AFFFFFFFF2A
:108C6000FFFFF1329212B40AB40AB40AB40AB40A89
:108C7000D412930A51125DE7FFFFFFFFDFFF3ABEF8
:108C8000710AB40AB40AB40AB40AB40AB40AB40A37
:108C9000930A3464FFFFFFFF1DD7CF0AF00ACE0A04
:108CA0005ABEFFFFB69D0C0B2D0BEC02DCCEFFFF76
:108CB000FFFFDFF7D22A940AB40AB40AB40AB40A4E
:108CC000B41272121CD7FFFFFFFF3CE7FFFFFFFF4C
:108CD000D9A5720AB312B40AB40AB40AB40A731258
:108CE000F463FFFFFFFF1CCF6D0AF10AF00A102B9F
:108CF000FFFFFFFFFFFF8E3B0D0B4E0BCC0A7ACE22
:108D0000FFFFFFFFDEFFF22AB30AB412B40AB40A6F
:108D1000911ADCCEFFFFFFFF093C6203507DFFFF8D
:108D2000FFFF989D930AB412B40AB40A930AF45B45
:108D3000FFFFFFFFBBCE8F12D10AD10AB01A5EE748
:108D4000FFFFFFFFFFFFFFF72D3B0E030F0BAD0AE9
:108D50007ABEFFFFFFFFDFF7D22AB40AB40A921AE5
:108D6000BCCEFFFFFFFF2944E303E203A303507DD2
:108D7000FFFFFFFF79A59212B312930AF363FFFF7F
:108D8000FFFFBBC69012D112D20AAF125DE7FFFF00
:108D9000FFFFFFFFFFFFFFFFDFFF2E3BEF0AEF0AA2
:108DA000CE127ABEFFFFFFFFDFFFB02A5012DCCEEB
:108DB000FFFFFFF74A4CC2030204E30B0304A203C4
:108DC000307DFFFFFFFFD9A5300AF463FFFFFFFFEF
:108DD000BBC69012D212B20A70125DE7FFFFFFFF0E
:108DE000FFFFFFFFFFFFFFFFFFFFFFFF4F33EF0A14
:108DF000F10A8E129BC6FFFFFFFFDFFFBEF7FFFFEA
:108E0000FFFF294CC303E3030304E3030304E30369
:108E1000A203517DFFFFFFFF7EEFFFFFFFFFBCCEF0
:108E2000911AB30AD30A4F125DE7FFFFFFFFFFFF5E
:108E3000FFFFFFFFFFFFFFFFFFFFFFFFDFF74F3BDE
:108E4000F00AD2128F12DCCEFFFFFFFFFFFFFFFF01
:108E50006A4CC303E3030204E303E303E3030304F1
:108E6000E203A203B28DFFFFFFFFFFFFFDD6711AE1
:108E7000B30A930A70123DE7FFFFFFFFFFFFFFFFFA
:108E8000FFFFFFFFFFFFFFFFFFFFFFFFFFFFDFF71A
:108E90002F3BD112D30270123DDFFFFFFFFFFFFF18
:108EA000E933E2030404E303E303E303E303E3033B
:108EB0000304A3033085FFFFFFFFBEEFED09720A35
:108EC000510AB0329DEFFFFFFFFFFFFFFFFFFFFFE3
:108ED000FFFFFFFFFFFFFFFFFFFFFFFFFFFFFFFFA2
:108EE000FFFFB14B700A910A2D0A9EE7FFFFFFFFBB
:108EF000FFFFA72BE203E303E303E303E30303041E
:108F0000C2038C5CFFFFFFFFFFFFFFFFFFFFFFFFC0
:108F1000FFFFFFFFFFFFFFFFFFFFFFFFFFFFFFFF61
:108F2000FFFFFFFFFFFFFFFFFFFFFFFFFFFFFFFF51
:108F3000FFFFFFFFFFFFFFFFFFFFFFFFFFFFFFFF41
:108F4000FFFFDEF7C72BC203E303E303E303C20320
:108F50008C5CFFFFFFFFFFFFFFFFFFFFFFFFFFFF37
:108F6000FFFFFFFFFFFFFFFFFFFFFFFFFFFFFFFF11
:108F7000FFFFFFFFFFFFFFFFFFFFFFFFFFFFFFFF01
:108F8000FFFFFFFFFFFFFFFFFFFFFFFFFFFFFFFFF1
:108F9000FFFFFFFFFFFFC62BC303E303A303AC5C8C
:108FA000FFFFFFFFFFFFFFFFFFFFFFFFFFFFFFFFD1
:108FB000FFFFFFFFFFFFFFFFFFFFFFFFFFFFFFFFC1
:108FC000FFFFFFFFFFFFFFFFFFFFFFFFFFFFFFFFB1
:108FD000FFFFFFFFFFFFFFFFFFFFFFFFFFFFFFFFA1
:108FE000FFFFFFFFFFFFDFFFA72B8203AD5CFFFF4B
:108FF000FFFFFFFFFFFFFFFFFFFFFFFFFFFFFFFF81
:10900000FFFFFFFFFFFFFFFFFFFFFFFFFFFFFFFF70
:10901000FFFFFFFFFFFFFFFFFFFFFFFFFFFFFFFF60
:10902000FFFFFFFFFFFFFFFFFFFFFFFFFFFFFFFF50
:10903000FFFFFFFFFFFFFFFFFFFF36AEFFFFFFFF5A
:10904000FFFFFFFFFFFFFFFFFFFFFFFFFFFFFFFF30
:10905000FFFFFFFFFFFFFFFFFFFFFFFFFFFFFFFF20
:10906000FFFFFFFFFFFFFFFFFFFFFFFFFFFFFFFF10
:10907000FFFFFFFFFFFFFFFFFFFFFFFFFFFFFFFF00
:10908000FFFFFFFFFFFFFFFFDFFFFFF7FFFFFFFF18
:10909000FFFFFFFFFFFFFFFFFFFFFFFFFFFFFFFFE0
:1090A000FFFFFFFFFFFFFFFFFFFFFFFFFFFFFFFFD0
:1090B000FFFFFFFFFFFFFFFFFFFFFFFFFFFFFFFFC0
:1090C000FFFFFFFFFFFFFFFFFFFFFFFFFFFFFFFFB0
:1090D000FFFFFFFFFFFFFFFFFFFFFFFFFFFFFFFFA0
:1090E000FFFFFFFFFFFFFFFFFFFFFFFFFFFFFFFF90
:1090F000FFFFFFFFFFFFFFFFFFFFFFFFFFFFFFFF80
:10910000FFFFFFFFFFFFFFFFFFFFFFFFFFFFFFFF6F
:10911000FFFFFFFFFFFFFFFFFFFFFFFFFFFFFFFF5F
:10912000FFFFFFFFFFFFFFFFFFFFFFFFFFFFFFFF4F
:10913000FFFFFFFFFFFFFFFFFFFFFFFFFFFFFFFF3F
:10914000FFFFFFFFFFFFFFFFFFFFFFFFFFFFFFFF2F
:10915000FFFFFFFFFFFFFFFFFFFFFFFFFFFFFFFF1F
:10916000FFFFFFFFFFFFFFFFFFFFFFFFFFFFFFFF0F
:10917000FFFFFFFFFFFFFFFFFFFFFFFFFFFFFFFFFF
:10918000FFFFFFFFFFFFFFFFFFFFFFFFFFFFFFFFEF
:10919000FFFFFFFFFFFFFFFFFFFFFFFFFFFFFFFFDF
:1091A000FFFFFFFFFFFFFFFFFFFFFFFFFFFFFFFFCF
:1091B000FFFFFFFFFFFFFFFFFFFFFFFFFFFFFFFFBF
:1091C000FFFFFFFFFFFFFFFFFFFFFFFFFFFFFFFFAF
:1091D000FFFFFFFFFFFFFFFFFFFFFFFFFFFFFFFF9F
:1091E000FFFFFFFFFFFFFFFFFFFFFFFFFFFFFFFF8F
:1091F000FFFFFFFFFFFFFFFFFFFFFFFFFFFFFFFF7F
:10920000FFFFFFFFFFFFFFFFFFFFFFFFFFFFFFFF6E
:10921000FFFFFFFFFFFFFFFFFFFFFFFFFFFFFFFF5E
:10922000FFFFFFFFFFFFFFFFFFFFFFFFFFFFFFFF4E
:10923000FFFFFFFFFFFFFFFFFFFFFFFFFFFFFFFF3E
:10924000FFFFFFFFFFFFFFFFFFFFFFFFFFFFFFFF2E
:10925000FFFFFFFFFFFFFFFFFFFFFFFFFFFFFFFF1E
:10926000FFFFFFFFFFFFFFFFFFFFFFFFFFFFFFFF0E
:10927000FFFFFFFFFFFFFFFFFFFFFFFFFFFFFFFFFE
:10928000FFFFFFFFFFFFFFFFFFFFFFFFFFFFFFFFEE
:10929000FFFF0000000000000000000000000000D0
:1092A000000000101010101010101010000010100E
:1092B000000000006C6C242400000000010000008D
:1092C00000000024242424FE48484848FC90909044
:1092D000900000103C54929050381412129254781E
:1092E00010000000225C94A8481010242A525488D0
:1092F0000000000030484850206E54948C888A74D6
:1093000000000000303010100000000000000000DD
:109310000000000408101020202020202010100839
:109320000400008040202010101010101020204059
:109330008000000000001054381038541000000065
:10934000000000000010101010FE1010101000009F
:1093500000000000000000000000000000001010ED
:10936000200000000000000000FE000000000000DF
:1093700000000000000000000000000000001010CD
:1093800000000000040408081010202040408080E5
:1093900000000000384482828282828282824438C5
:1093A0000000000010701010101010101010107C31
:1093B000000000003844828204081020408284FCAF
:1093C000000000003844820204380402028244385B
:1093D00000000000040C141424244444FE04040E71
:1093E00000000000FC808080B8C482020282847881
:1093F000000000003C428280B8C4828282824438ED
:10940000000000007E4282040408080810101010BA
:10941000000000003844828244384482828244380A
:1094200000000000384482828282463A0282443838
:1094300000000000000010100000000010100000EC
:1094400000000000000010100000000000101020BC
:109450000000000000000618608060180600000090
:109460000000000000000000FE0000FE0000000000
:10947000000000000000C0300C020C30C0000000F2
:1094800000000038448282020408101010001010FE
:10949000000000003844829AAAAAAAAAAA9680428A
:1094A0003C00000010101028282844447C4444EE5E
:1094B00000000000FC424242427C4242424242FCE6
:1094C000000000003C44828080808080828244389A
:1094D00000000000F844424242424242424244F804
:1094E00000000000FC444240447C4440404244FCB4
:1094F00000000000FC444240447C4440404040F0B6
:1095000000000000344C828080808E8484844C343F
:1095100000000000EE444444447C4444444444EE8F
:10952000000000007C101010101010101010107CA3
:10953000000000003E08080808080808088888702D
:1095400000000000EE44484850605048484444EE53
:1095500000000000E040404040404040404244FCA9
:1095600000000000C6446C6C6C545454444444EEF7
:1095700000000000CE4464646454544C4C4C44E4F9
:1095800000000000384482828282828282824438D3
:1095900000000000F844424242447840404040E02D
:1095A00000000000384482828282828282BA443C77
:1095B00002000000F048444444487048444444E6F3
:1095C000000000003C44828040300C02028244785B
:1095D000000000007C549210101010101010103871
:1095E00000000000EE4444444444444444444438AD
:1095F00000000000EE44444444282828281010109D
:1096000000000000EE445454545454542828282890
:1096100000000000EE44442828101028284444EE9E
:1096200000000000EE4444282828101010101038C4
:10963000000000007E44840808102020408284FC42
:109640000000001C1010101010101010101010103E
:109650001C000000EE445454FE545454282828287A
:1096600000000070101010101010101010101010CA
:10967000700000304884000000000000000000007E
:1096800000000000000000000000000000000000DA
:10969000FE0000402000000000000000000000006C
:1096A00000000000000000007884047C84848C7634
:1096B00000000000C04040405864424242426458AA
:1096C00000000000000000003844808080804438A2
:1096D000000000000C040404344C848484844C3660
:1096E0000000000000000000788484FC8080847802
:1096F0000000000018242020F820202020202070C6
:1097000000000000000000003A444478807C82821F
:109710007C000000C040404058644444444444EE4F
:109720000000000010100000301010101010103851
:1097300000000000101000003010101010101090E9
:1097400060000000C04040405C485060504844EE1B
:1097500000000000301010101011101010101039FF
:109760000000000000000000ACD29292929292D6CB
:10977000000000000000000058E44444444444EE6B
:1097800000000000000000003844828282824438D9
:109790000000000000000000D864424242645840CB
:1097A000E000000000000000364C8484844C340447
:1097B0000E000000000000006C30202020202070EF
:1097C000000000000000000078888460188444785D
:1097D0000000000000202020F82020202020241855
:1097E0000000000000000000C64242424242463AE9
:1097F0000000000000000000EE444428282810105B
:109800000000000000000000EE44445454282828C2
:109810000000000000000000EE442810102844EE74
:109820000000000000000000EE444428281010A0B2
:10983000C0000000000000007E448810204284FC2C
:109840000000000C101010101060101010101010FC
:109850000C0000101010101010101010101010102C
:10986000100000C0202020202018202020202020B0
:10987000C00000000000000000728C00000000002A
:1098800000000000000000001FE000003FF00000AA
:109890003FF000001FE0000180060003C00F00033E
:1098A000C00F0003C00F0003C00F0003C00F000370
:1098B000C00F0003C00F0003C00F0003000300002F
:1098C000000000000000000000000003000300038F
:1098D000C00F0003C00F0003C00F0003C00F000340
:1098E000C00F0003C00F0003C00F0003C00F000132
:1098F000800600001FE000003FF000003FF0000085
:109900001FE00000000000000000000000800000D8
:109910000180000003800000078000000780000035
:10992000078000000780000007800000078000001B
:109930000780000007800000078000000180000011
:109940000000000000000000000000000180000096
:1099500007800000078000000780000007800000EB
:1099600007800000078000000780000007800000DB
:1099700007800000038000000180000000800000DC
:1099800000000000000000001FE000003FF00000A9
:10999000FFF00001FFE0000000060000000F0000E3
:1099A000000F0000000F0000000F0000000F00007B
:1099B000000F0000000F0000000F00001FE3000078
:1099C0007FF800007FF800001FE0000300000003A4
:1099D000C0000003C0000003C0000003C00000037B
:1099E000C0000003C0000003C0000003C00000016D
:1099F000800000001FF000003FF800003FFC000066
:109A00001FFE000000000003FF800001FFC00000F7
:109A1000FFC000007F80000000180000003C000034
:109A2000003C0000003C0000003C0000003C000046
:109A3000003C0000003C0000003C00007F8C000166
:109A4000FFE00001FFF000007F800000000C00003C
:109A5000003C0000003C0000003C0000003C000016
:109A6000003C0000003C0000003C0000003C000006
:109A7000001800007F800000FFC00001FFC000034D
:109A8000FF80000000000000000000020001000351
:109A90000003000380070003C00F0003C00F000392
:109AA000C00F0003C00F0003C00F0003C00F00036E
:109AB000C00F0003C00F0003C00F00031FE300002E
:109AC0007FF800007FFC00001FE0000000030000A2
:109AD000000F0000000F0000000F0000000F00004A
:109AE000000F0000000F0000000F0000000F00003A
:109AF000000F00000007000000030000000100004C
:109B000000000000000000001FFC00003FF8000003
:109B10003FF000001FE0000180000003C0000003D0
:109B2000C0000003C0000003C0000003C000000329
:109B3000C0000003C0000003C00000031FE00000DD
:109B40007FF800007FF800001FE000000003000025
:109B5000000F0000000F0000000F0000000F0000C9
:109B6000000F0000000F0000000F0000000F0000B9
:109B7000000600003FE000007FF00000FFF0000161
:109B8000FFE00000000000001FFC00003FF80000A4
:109B90003FF000001FE0000180000003C000000350
:109BA000C0000003C0000003C0000003C0000003A9
:109BB000C0000003C0000003C00000031FE000005D
:109BC0007FF800007FFC00001FE00003000300039B
:109BD000C00F0003C00F0003C00F0003C00F00033D
:109BE000C00F0003C00F0003C00F0003C00F00012F
:109BF000800600001FE000003FF000003FF0000082
:109C00001FE0000000000007FFE00003FFC00001AC
:109C1000FF880000FF1800000038000000780000F6
:109C20000078000000780000007800000078000054
:109C300000780000007800000078000000180000A4
:109C400000000000000000000000000000180000FC
:109C50000078000000780000007800000078000024
:109C60000078000000780000007800000078000014
:109C70000078000000380000001800000008000014
:109C800000000000000000001FE000003FF00000A6
:109C90003FF000001FE0000180060003C00F00033A
:109CA000C00F0003C00F0003C00F0003C00F00036C
:109CB000C00F0003C00F0003C00F00031FE300002C
:109CC0007FF800007FFC00001FE00003000300039A
:109CD000C00F0003C00F0003C00F0003C00F00033C
:109CE000C00F0003C00F0003C00F0003C00F00012E
:109CF000800600001FE000003FF000003FF0000081
:109D00001FE00000000000001FE000003FF0000026
:109D10003FF000001FE0000180060003C00F0003B9
:109D2000C00F0003C00F0003C00F0003C00F0003EB
:109D3000C00F0003C00F0003C00F00031FE30000AB
:109D40007FF800007FFC00001FE00000000300001F
:109D5000000F0000000F0000000F0000000F0000C7
:109D6000000F0000000F0000000F0000000F0000B7
:109D7000000600001FE000003FF000007FF0000040
:109D8000FFE00000000000000000000000000000F4
:109D900000000000000000000000000000000000C3
:109DA00000000000000000000000000000000000B3
:109DB00000000000000000000000000000000000A3
:109DC0000000000000000000000000000000000093
:109DD0000000000000000000780000007800000093
:109DE0007800000078000000780000007800000093
:109DF0000000000000000000000000000000000063
:109E00000000000000000000000000000000000052
:109E10000000000000000000000000000000000042
:109E200000000000070000000F8000000F8000000D
:109E30000F8000000700000000000000000000008C
:109E40000000000000000000000000000000000012
:109E5000070000000F8000000F8000000F8000004E
:109E600007000000000000000000000000000000EB
:109E700000000000000000000000000000000000E2
:109E800000000000000000000000000000000000D2
:109E900000000007C006000FE0060000000C0030C4
:109EA0001818003018180030183000301830003002
:109EB0001860003008C00007C0C0000FE08000003C
:109EC00000000000000FE0000607C0000630180088
:109ED0000C3018000C301800183018003030180002
:109EE0003030180060000000C00FE000C007C00064
:109EF0000000000000000000000000000000000062
:109F00000000000000000000000000000000000051
:109F100000000000000000000000000700E0000852
:109F200087FC00088E030008980180071800800055
:109F300030000000300000007000000060000000F1
:109F40006000000060000000600000006000000091
:109F500070000000300000003000000038000000F9
:109F6000180100000C03000007FC000001F00000D5
:109F700000000000000000000000000000000000E1
:109F800000000000000000000000000000000000D1
:109F900000000000000000000000000000000000C1
:109FA00000000000000000000000000000000000B1
:109FB00000000000000000000000000000000000A1
:109FC0003FF000007FF000007FE00000FFC00000D5
:109FD0000000000000000000000000000000000081
:109FE0000000000000000000000000000000000071
:109FF0000000000000000000000000000000000061
:10A0000000000000B5E70200020002007FF04210ED
:10A0100042107FF0421042107FF042000208020816
:10A0200001F800000000D7D37FF00020004000803E
:10A0300001000200FFF8020002000200020002001C
:10A0400002000E0000000000C8AB01000100028009
:10A050000440082010102FE8C106010001001FF085
:10A060000100010001007FFC0000B6AF004000408D
:10A070007C40004001FC0044FE44204420442084F5
:10A0800048844484FD04450402280410BCBC10200C
:10A090001020102013FEFC201020102015FC188426
:10A0A0003088D04810501020105051882606CAF52C
:10A0B00001000120011001107FFC038005400540D4
:10A0C00009201110210841040102010001000100D2
:10A0D000D2BA0080404027F81140014082784248BF
:10A0E00016A81AD023502220422042500288000095
:10A0F0000000BEA73FE020203FE020203FE000001E
:10A10000FDF885088508FDF885088508FDF88508AF
:10A1100000000000B2E200084F8828880AA88AA838
:10A120004AA80AA82AA82AA8422845088488888814
:10A13000103800000000CAD44050204820400FF8DA
:10A140000040E04027402240224022202A2833A815
:10A150002E18000800000000B3CC00001BF0E21035
:10A16000221023F0F800200033F068806080A3F014
:10A170002080208027F800000000D0F202000100BB
:10A180003FF820002FF02020224021803FF8208837
:10A19000209040804080838000000000D1D52000C6
:10A1A00010F87E20444028F87E8848A850A864A86B
:10A1B00048A872A884501888610800000000C9AB44
:10A1C000100010003FE0404080807FF042104210BD
:10A1D00042107FF04000400840083FF800000000B7
:10A1E000CCEE20802FF8208027F0F41027F02410E8
:10A1F00027F0241027F03410CFF8022004100000BC
:10A200000000B3E404000200FFF808001040202022
:10A210007FF0089008800880088010882088C07827
:10A2200000000000CEC4040002000200FFF810404D
:10A23000104008800880050002000500088030609A
:10A24000C01800000000D7D604000200FFF8800804
:10A2500080083FC0008001000200FFF802000200F9
:10A2600002000E0000000000CFD43FE0202020209C
:10A270003FE0202020203FE008804890289028A040
:10A2800008800880FFF800000000CABE00003FE020
:10A29000000000000000FFF802001240122022100F
:10A2A0004208820802000E0000000000CDBC7FF8CA
:10A2B0004008440847C84848548843084CC8733885
:10A2C00040884C08430840887FF800000000C6AC76
:10A2D00000802080208020803FF02000200020008F
:10A2E0003FC020402040204040408040000000000F
:10A2F000B4A520403840484091F07D50555055500D
:10A300007D5055F054407C40545057F88C08000064
:10A310000000C3FE2220222027F8FA2027F0241074
:10A3200027F03410E7F020802FF821402220EC188D
:10A3300000000000CAE440804140F22044108BE855
:10A34000A000F78824A827A834A8E7A824A8248870
:10A3500025B800000000C8EB08000400040002005B
:10A3600002000500050008800880104010402020F1
:10A370004010800800000000C8AB02000200050089
:10A38000088010402020DFD8020002001FC0020019
:10A3900002000200FFF800000000B3CC00001BF038
:10A3A000E210221023F0F800200033F06880608073
:10A3B000A3F02080208027F800000000BCBC208093
:10A3C00020802080F7F02080208027E03220E220CB
:10A3D0002140208021402220EC1800000000CAF516
:10A3E0000200024002200200FFF807000A800A80F3
:10A3F00012402220421082080200020000000000E9
:10A40000D6A702000200FFF8020002007FE0102041
:10A410001040088005000200050018C0E038000068
:10A420000000B3D62080208023F0F880208027F819
:10A4300028203020E7F82020222021202020E0E0E2
:10A4400000000000D7A8020002007FF00400040012
:10A45000FFF8080010003FE0002000401C800300CF
:10A46000008000000000D7A201004080200017F00B
:10A47000008080804080008017F010802080208045
:10A4800040804FF800000000C5FA204024402440DE
:10A49000F4482450276024403440E44024402440C1
:10A4A00025482648E43800000000B7A20200222018
:10A4B000221044007FF8040008000FE0142024401C
:10A4C0004280810006C0383800000000B3C900A0F7
:10A4D000009000807FF8408040907C90449044A0A1
:10A4E00044A0444858A84118820800000000B9A6BA
:10A4F00001000100F90023F021102110211021108A
:10A5000021103910C2100210041008600000000071
:10A51000D2C60000002000780CE4790451681030A5
:10A520007E6019981A3C2FE448E408380030006037
:10A530000000D1A100000120012003FC6220342092
:10A54000042003FC240021B021202220323E1800E8
:10A550000FE00000D4F10000000010FC1304110C07
:10A560003DF8703E10D015907CF0503E18101BFE48
:10A57000023000200000CFEE0000000003FE00606B
:10A580007C4012FC11041106113611241F44794439
:10A5900000C0009C01860000C4BF000000000FE066
:10A5A0003C18200820043E04600460047E0460041B
:10A5B000200C20081FF001800000B6CC000008002D
:10A5C00011FC103E3EF82D8C2904490409043E8CF0
:10A5D00050FC10881EC811FC100E0000B0B4000022
:10A5E0000040006012FE13023A427F4410C41BFE7A
:10A5F0003C987190113011A00078004C0000C8B751
:10A600000000004000F878C41F8C313821EC21266E
:10A61000413A7DE2272225FA3D260124010400006B
:10A62000B6A80000010001705FFC700420042FF840
:10A6300001001100113821C431003F0063E04038AF
:10A640000000B3A4000000000818086008C00B0058
:10A650001E00181C7FF01000118010E01838098EC1
:10A660000F000000B0B400000040006012FE1302B2
:10A670003A427F4410C41BFE3C987190113011A0E7
:10A680000078004C0000B7B50000000007F8060095
:10A69000240014F8078C04042408261825F0647C90
:10A6A00064C220801FC00000BBD8000000001FF063
:10A6B00030182008278C2C44284428442CC4278494
:10A6C0002004300C1FF80380000000000000000090
:10A6D000000000000000000000000000000000007A
:10A6E000000000000000000000000000B4BF0000F7
:10A6F00000000000020100063FC00C3FE01803000C
:10A700001002003336603726203E66301C64301855
:10A71000642031FEE03F1FC01C0C00000C00070449
:10A72000003E07F00001C000000000000000000033
:10A73000000000000000C9AB00000000000001FEA6
:10A740000003E3000703000C03001C3F003BFFC0B5
:10A750003F30600C30200C30200C10200C10600FAB
:10A76000FFC0083F000800000800600E3FE007FC43
:10A7700000000000000000000000000000000000D9
:10A78000CCEE00000000000000030000FFE00C071A
:10A79000F00C06000CFF803FF0E01FC0600CFE30A4
:10A7A0000CCC3004F83004FF2004C0201FFE603EB3
:10A7B000C06001FFF001FFF0006060004000000099
:10A7C00000000000000000000000B3E400000000F2
:10A7D000000000200000300007FFF03FFFE0030012
:10A7E000000601800C01800801C01807E00FFE7010
:10A7F00007E0000206000604000404000404000C44
:10A8000006700C07E00000000000000000000000DF
:10A8100000000000B2E2000000000000000030393B
:10A82000FC301FCC300706B00F06F01907B03137E7
:10A83000B03136F01F27F00167F001E5F001E1F0DB
:10A840000041F00CF8B03CD830008C300080300073
:10A850000000000000000000000000000000CAD45A
:10A860000000000000000803600C03700C033000BF
:10A870003FE0003F800801003C0180047F80047DB0
:10A88000800C00800C10C00C10C00C18400C1C6018
:10A890000F7E6006703000003000000000000000F5
:10A8A0000000000000000000CEC400000000C00056
:10A8B00000E00000700001FFE01FFFC01801000071
:10A8C0000300000600000E00001C000E18000730F8
:10A8D0000001E00000F00000FC00018F000303C055
:10A8E0000201E00000000000000000000000000085
:10A8F0000000D7D6000000000000002000003F004C
:10A9000031FFE03FC02038003030FE2033C66010F9
:10A910000200000C00001800001800000C0007FFE7
:10A92000E03FFFE0000400000C00000C000000000D
:10A93000000000000000000000000000CFD4000074
:10A940000000000007FF000F03C00C00401FF8606C
:10A950001800600800400E01C007FF000000000161
:10A9600084000184001987800F8CE0078C2000CCC4
:10A970000003FFE01FFFC000000000000000000017
:10A98000000000000000CABE0000000000000E0031
:10A99000001FFFC0007FE00000000000000000007A
:10A9A000000000003FC03FFFE0003000003000002A
:10A9B00030000613000C13C00C18F01818001818FB
:10A9C0000000000000000000000000000000000087
:10A9D000CDBC00000000000007FF000F03801CC07A
:10A9E000C019FC6011C66033062033E63036FF30F4
:10A9F000301FF030703030FC30339F303600201084
:10AA0000E060187C400E01C003FF00003800000029
:10AA100000000000000000000000C6AC00000000C4
:10AA20000000081800180800180800180800180C82
:10AA3000201FFFF01FF80018000010000010F800A1
:10AA40001FFE001E0300100300100300100300107F
:10AA500003001802000000000000000000000000D9
:10AA600000000000CFD400000000000007FF000F2E
:10AA700003C00C00401FF8601800600800400E0181
:10AA8000C007FF00000000018400018400198780D6
:10AA90000F8CE0078C2000CC0003FFE01FFFC000FC
:10AAA0000000000000000000000000000000CABE1E
:10AAB0000000000000000E00001FFFC0007FE0004B
:10AAC0000000000000000000000000003FC03FFF49
:10AAD000E00030000030000030000613000C13C00E
:10AAE0000C18F018180018180000000000000000F2
:10AAF0000000000000000000B4A5000000000000FD
:10AB00000601800FC1801E6180304FC020CFE0075A
:10AB10008D303FC9303379303379303FFB3037FFE8
:10AB2000203267E03FE3803FE3C03263603267F08A
:10AB3000304FB000000000000000000000000000E6
:10AB40000000C3FE0000000000000030C000FFF065
:10AB50000C79C00C1F800C7FE03FE0600CC0300C13
:10AB6000FC3004C03007C0301E60603C3FC0041C95
:10AB700000047FE000FFE00030C0006060000000E3
:10AB8000000000000000000000000000CAE4000017
:10AB9000000000000C03800C0FC0081C703F700008
:10ABA0001F9FC0101FC0100000367C3017E6301FFA
:10ABB000E3B0067FB00277F007E3F03F7FF0133693
:10ABC000F0032630032630000000000000000000E3
:10ABD000000000000000C8EB0000000000000600BC
:10ABE0000003800001C00000E00000700000780059
:10ABF00000CC0000C6000183000301800700C006EE
:10AC000000E00C0070180030180000300000000058
:10AC10000000000000000000000000000000000034
:10AC20000000000000000000000000000000000024
:10AC30000000000000000000000000000000000014
:10AC40000000000000000000000000000000000004
:10AC500000000000000000000000000000000000F4
:10AC600000000000000000000000040000080000D8
:10AC700000000000000200010000100000000000C1
:10AC80000000000030313233343536373839414234
:10AC9000434445464030580030313233343536373E
:10ACA00038396162636465664030780002400000B4
:10ACB000000000A00000000005400000000000C8E7
:10ACC000000000000C4000000000409C000000005C
:10ACD000194000000020BCBE00000000344000000D
:10ACE000BFC91B8E00000004B5400000504BCFD000
:10ACF0006607E2CF010000006C4100003E8251AACD
:10AD0000DFEEA73401000000D9420000DCB5A0E26C
:10AD10003A301F97FFFFFFFFB4450000FD25A0C894
:10AD2000E9A3C14FFFFFFFFFFF3F000000000080CD
:10AD300000000000FF3F0000000000800000000055
:10AD40000D0A202323232323232323232323232008
:10AD5000687474703A2F2F7777772E637367736DEB
:10AD60002E636F6D2F2023232323232323232323C9
:10AD700023230D0A202323232323232323232323D5
:10AD800023284A756E2020372032303236202D207D
:10AD900031353A30363A34362923232323232323EB
:10ADA00023232323230D0A007B22646576696365D0
:10ADB0004964223A222573222C226C6174223A259E
:10ADC000732C226C6E67223A25732C227370656592
:10ADD00064223A302C22646972656374696F6E2252
:10ADE0003A302C2274696D657374616D70223A304B
:10ADF0007D00000040AF0008000000206800000057
:10AE00006C010008A8AF000868000020B82300000B
:10AE1000880100081C00000043000000F8FFFFFF4D
:10AE20000C0000000E0000000F0000002E000000CB
:10AE30001001000043000000F8FFFFFF0040404009
:10AE400040404040404041414141414040404040FD
:10AE500040404040404040404040404040050202A9
:10AE60000202020202020202020202020220202068
:10AE700020202020202020020202020202029090C4
:10AE800090909090101010101010101010101010C2
:10AE90001010101010101010020202020202888816
:10AEA0008888888808080808080808080808080822
:10AEB000080808080808080802020202400000000A
:10AEC0000000000000000000000000000000000082
:10AED0000000000000000000000000000000000072
:10AEE0000000000000000000000000000000000062
:10AEF0000000000000000000000000000000000052
:10AF00000000000000000000000000000000000041
:10AF10000000000000000000000000000000000031
:10AF20000000000000000000000000000000000021
:10AF30000000000000000000000000000000000011
:10AF400000A24A0400000000000000000102030407
:10AF500006070809000000000102030401020304BF
:10AF600006070809020406080100000000000000AE
:10AF700000000000000000000000000000000000D1
:10AF800000000000000000000000000000000000C1
:10AF90000009080706050403020100000000000084
:08AFA0000000000000000000A9
:0400000508000131BD
:00000001FF
